Date,Spread,Mcap,Value,P/E,Close,Volatility,30y_yield
28/10/22,1.17,32.365M,3.9334,18.8887,3901.06,27.85,4.1414
21/10/22,1.18,31.21M,3.7839,18.1706,3752.75,29.19,4.3335
14/10/22,1.15,29.805M,3.6128,17.349,3583.07,27.99,3.9916
07/10/22,1.13,30.271M,3.6682,17.623,3639.66,26.09,3.8417
30/09/22,1.15,29.80M,3.6231,17.2963,3585.62,23.94,3.7759
23/09/22,1.12,30.695M,3.7189,18.117,3693.23,22.45,3.6059
16/09/22,1.11,32.145M,3.8947,18.8906,3873.33,23.47,3.5131
09/09/22,1.07,33.753M,4.0896,19.8368,4067.36,19.56,3.4474
02/09/22,1.07,32.577M,3.946,19.1444,3924.26,20.78,3.3435
26/08/22,1.07,33.691M,4.0821,19.7997,4057.66,21.86,3.192
19/08/22,1.07,35.104M,4.2539,20.6336,4228.48,18.44,3.212
12/08/22,1.09,35.528M,4.3062,20.8876,4280.15,18.41,3.1078
05/08/22,1.12,34.397M,4.1705,20.2291,4145.19,18.83,3.0662
29/07/22,1.17,34.325M,4.1572,20.1339,4130.29,20.97,3.0097
22/07/22,1.16,32.984M,3.9873,19.2997,3961.63,26.96,2.9717
15/07/22,1.17,32.171M,3.8882,18.8203,3863.16,26.67,3.0751
08/07/22,1.14,32.475M,3.9247,18.9968,3899.38,28.35,3.2436
01/07/22,1.1,31.858M,3.853,18.6373,3825.33,28.77,3.1031
24/06/22,1.07,32.581M,3.8903,19.5909,3911.74,31.99,3.2571
17/06/22,1.01,30.548M,3.6552,18.3649,3674.84,30.97,3.2795
10/06/22,0.98,32.409M,3.8802,19.4964,3900.86,30.56,3.1935
03/06/22,1,34.127M,4.093,20.5409,4108.54,32.34,3.0862
27/05/22,1.04,34.541M,4.1454,20.8022,4158.24,33.07,2.9635
20/05/22,1.01,32.412M,3.8893,19.5171,3901.36,30.92,2.9859
13/05/22,0.96,33.459M,4.0115,20.1306,4023.89,28.36,3.0786
06/05/22,0.9,34.31M,4.1108,20.6309,4123.34,26.3,3.2254
29/04/22,0.92,34.409M,4.1177,20.7261,4131.93,23.21,2.9972
22/04/22,0.9,35.617M,4.256,21.4302,4271.78,20.36,2.9444
08/04/22,0.88,37.432M,4.4934,22.5707,4488.28,21.69,2.7182
01/04/22,0.87,37.909M,4.5595,22.9163,4545.86,23.29,2.4317
25/03/22,0.89,37.848M,4.5426,23.461,4543.06,23.9,2.5846
18/03/22,0.91,37.196M,4.4594,22.9969,4463.12,24.87,2.4202
11/03/22,0.84,35.051M,4.201,21.6643,4204.31,24.4,2.3537
04/03/22,0.81,36.098M,4.3258,22.3071,4328.87,22.56,2.1554
25/02/22,0.77,36.548M,4.3777,22.6411,4384.65,22.83,2.2738
18/02/22,0.74,36.282M,4.342,22.4565,4348.87,20.88,2.2399
11/02/22,0.68,36.814M,4.4107,22.8246,4418.64,20.1,2.2385
04/02/22,0.64,37.491M,4.4923,23.2473,4500.53,18.49,2.2101
28/01/22,0.64,36.974M,4.4288,22.9226,4431.85,17.35,2.0733
21/01/22,0.65,36.72M,4.3936,22.7536,4397.94,16.73,2.071
14/01/22,0.65,38.947M,4.6583,24.1244,4662.85,16.13,2.1219
07/01/22,0.67,39.072M,4.6724,24.1975,4677.03,17.94,2.1159
31/12/21,0.66,39.843M,4.7652,24.6918,4766.18,18.23,1.9032
17/12/21,0.65,38.593M,4.7349,25.4247,4620.64,16.55,1.8064
10/12/21,0.66,39.349M,4.8266,25.9167,4712.02,15.07,1.8777
03/12/21,0.66,37.908M,4.6487,24.9617,4538.43,13.3,1.6727
26/11/21,0.65,38.392M,4.7063,25.3119,4594.62,9.73,1.8213
19/11/21,0.65,39.27M,4.8131,25.8892,4697.96,7.85,1.91
12/11/21,0.66,39.136M,4.7978,25.8068,4682.85,8.7,1.9308
05/11/21,0.67,39.269M,4.8133,25.8749,4697.53,12.55,1.887
29/10/21,0.65,38.509M,4.7416,25.5552,4605.38,13.12,1.9328
22/10/21,0.67,38.053M,4.6789,25.2278,4544.9,14.56,2.0683
15/10/21,0.69,37.452M,4.6029,24.806,4471.37,14.6,2.0414
08/10/21,0.68,36.756M,4.5213,24.382,4391.34,13.29,2.164
01/10/21,0.67,36.475M,4.498,24.3313,4357.04,12.69,2.0287
24/09/21,0.7,37.305M,4.6762,26.8836,4455.48,10.91,1.9833
17/09/21,0.73,37.064M,4.623,26.6694,4432.99,8.45,1.8989
10/09/21,0.7,37.283M,4.6497,26.8237,4458.58,8.05,1.9337
03/09/21,0.7,37.917M,4.7301,27.2892,4535.43,7.81,1.942
27/08/21,0.71,37.666M,4.7035,27.201,4509.37,9.36,1.9167
20/08/21,0.7,37.095M,4.6329,26.7928,4441.67,10.54,1.8688
13/08/21,0.69,37.327M,4.6604,26.9516,4468,10.4,1.9291
06/08/21,0.67,37.067M,4.6277,26.7631,4436.52,10.63,1.9454
30/07/21,0.68,36.752M,4.6044,26.6823,4395.26,10.97,1.8922
23/07/21,0.68,36.938M,4.6215,26.8096,4411.79,11.73,1.9151
16/07/21,0.66,36.169M,4.5215,26.2502,4327.16,9.07,1.9192
09/07/21,0.66,36.528M,4.5659,26.5077,4369.55,8.89,1.9889
02/07/21,0.69,36.382M,4.5572,26.655,4352.34,8.19,2.0404
25/06/21,0.66,35.78M,4.6218,29.9152,4280.7,9.06,2.1487
18/06/21,0.66,34.83M,4.498,29.0712,4166.45,12.39,2.0127
11/06/21,0.64,35.497M,4.5861,29.6416,4247.44,12.25,2.1379
04/06/21,0.64,35.336M,4.5691,29.526,4229.89,12.53,2.2313
28/05/21,0.67,35.126M,4.5465,29.6062,4204.11,13.41,2.2824
21/05/21,0.66,34.729M,4.4945,29.2733,4155.86,13.7,2.3176
14/05/21,0.65,34.877M,4.5139,29.3999,4173.85,13.23,2.3401
07/05/21,0.67,35.365M,4.5767,29.822,4232.6,10.16,2.2769
30/04/21,0.69,34.947M,4.5158,29.7124,4181.17,11.24,2.2967
23/04/21,0.7,34.821M,4.5156,29.8291,4180.17,12.07,2.2339
16/04/21,0.72,34.877M,4.5211,29.8669,4185.47,11.56,2.2649
09/04/21,0.7,34.399M,4.4598,29.4622,4128.8,15.7,2.3293
26/03/21,0.71,33.129M,4.2035,32.3651,3974.54,17.44,2.3781
19/03/21,0.7,32.527M,4.1304,31.6112,3913.1,16.47,2.4333
12/03/21,0.72,32.77M,4.1622,31.8546,3943.34,16.97,2.3776
05/03/21,0.69,31.925M,4.0554,31.0224,3841.94,19.32,2.2974
26/02/21,0.69,31.671M,4.0273,30.7859,3811.15,16.67,2.1513
19/02/21,0.73,32.478M,4.1287,31.5435,3906.71,14.4,2.1335
12/02/21,0.73,32.71M,4.1586,31.7734,3934.83,15.78,2.0086
05/02/21,0.72,32.291M,4.1049,31.3808,3886.83,15.89,1.9711
29/01/21,0.76,30.851M,3.9288,30.1904,3714.24,14.61,1.8291
22/01/21,0.74,31.918M,4.0628,31.2263,3841.47,10.79,1.8466
15/01/21,0.79,31.301M,3.9849,30.5932,3768.25,10.48,1.8331
08/01/21,0.88,31.756M,4.0454,31.0479,3824.68,10.36,1.8733
18/12/20,0.88,30.292M,4.0629,28.6258,3709.41,12.05,1.6918
11/12/20,0.88,29.909M,4.0136,28.269,3663.46,14.61,1.627
04/12/20,0.94,30.205M,4.0527,28.5439,3699.12,20.35,1.7344
27/11/20,0.94,29.706M,3.9878,28.079,3638.35,20.78,1.5699
20/11/20,0.97,29.043M,3.8981,27.5039,3557.54,20.45,1.5196
13/11/20,1,29.257M,3.9428,27.7683,3585.15,21.47,1.6469
06/11/20,1.07,28.65M,3.8596,27.1751,3509.44,21.61,1.6
30/10/20,1.06,26.692M,3.6022,25.4052,3269.96,21.54,1.6598
23/10/20,1.07,28.298M,3.8186,26.9414,3465.39,17.81,1.641
16/10/20,1.11,28.452M,3.8389,27.085,3483.81,21.02,1.5287
09/10/20,1.1,28.408M,3.8316,27.0372,3477.13,23.7,1.5717
02/10/20,1.09,27.325M,3.6929,26.02,3348.44,22.3,1.4868
25/09/20,1.06,26.893M,3.7052,25.0885,3298.46,21.4,1.4007
18/09/20,1.04,27.033M,3.7339,25.2055,3319.47,19.59,1.4532
11/09/20,1.03,27.209M,3.7582,25.3694,3340.97,18.94,1.4116
04/09/20,1.02,27.898M,3.8555,26.0266,3426.96,15.33,1.4714
28/08/20,0.98,28.557M,3.9497,26.6298,3508.01,10.03,1.501
21/08/20,0.99,27.652M,3.8253,25.7917,3397.16,10.47,1.3407
14/08/20,1.06,27.451M,3.7981,25.6112,3372.85,12.2,1.4471
07/08/20,1.1,27.273M,3.7738,25.4471,3351.28,12.9,1.2336
31/07/20,1.14,26.62M,3.6863,24.8352,3271.12,17.8,1.1925
24/07/20,1.15,26.202M,3.6304,24.4759,3215.63,18.16,1.2293
17/07/20,1.19,26.279M,3.6407,24.544,3224.73,26.3,1.3289
10/07/20,1.19,25.955M,3.5961,24.2441,3185.04,27.19,1.3359
26/06/20,1.18,24.515M,3.4565,20.817,3009.05,28.41,1.3701
19/06/20,1.19,25.202M,3.548,21.3206,3097.74,27.41,1.4582
12/06/20,1.21,24.741M,3.483,20.9278,3041.31,27.45,1.4568
05/06/20,1.4,25.975M,3.6576,21.9766,3193.93,22.68,1.6656
29/05/20,1.38,24.763M,3.4823,20.8617,3044.31,25.43,1.4064
22/05/20,1.47,24.035M,3.3812,20.2584,2955.45,28.36,1.3705
15/05/20,1.5,23.245M,3.2736,19.6209,2863.7,34.45,1.3266
08/05/20,1.49,23.766M,3.319,20.0802,2929.8,38.55,1.3828
01/05/20,1.5,22.955M,3.2042,19.2982,2830.71,51.52,1.2486
24/04/20,1.57,23.042M,3.2115,19.3448,2836.74,69.92,1.1696
17/04/20,1.68,23.355M,3.2542,19.5814,2874.56,85.99,1.2601
03/04/20,1.89,20.259M,2.822,16.9223,2488.65,85.25,1.2094
27/03/20,1.67,20.653M,2.7346,16.4206,2541.47,83.44,1.2635
20/03/20,1.14,18.733M,2.4788,14.8931,2304.92,74.23,1.4169
13/03/20,1.11,22.012M,2.9156,17.5176,2711.02,60.08,1.5293
06/03/20,0.92,24.151M,3.1965,19.2006,2972.37,32.36,1.2874
28/02/20,0.83,24.004M,3.1765,19.0743,2954.22,22.09,1.6752
21/02/20,0.81,27.144M,3.589,21.5321,3337.75,12.21,1.9147
14/02/20,0.84,27.499M,3.6347,21.805,3380.16,11.73,2.0391
07/02/20,0.84,27.076M,3.5782,21.4664,3327.71,12.12,2.0484
31/01/20,0.84,26.248M,3.4695,20.8021,3225.52,10.71,1.9996
24/01/20,0.83,26.819M,3.5462,21.2555,3295.47,7.49,2.1324
17/01/20,0.83,27.11M,3.5836,21.4795,3329.62,7.11,2.2807
10/01/20,0.83,26.624M,3.5144,21.0649,3265.35,8.01,2.2786
03/01/20,0.86,26.392M,3.4817,20.868,3234.85,7.87,2.2444
27/12/19,0.87,26.434M,3.6462,21.5248,3240.02,7.23,2.316
20/12/19,0.88,26.252M,3.6131,21.3521,3221.22,7.2,2.3421
13/12/19,0.87,25.823M,3.5543,21.0046,3168.8,6.9,2.2524
06/12/19,0.88,25.629M,3.5267,20.8507,3145.91,7.11,2.2774
29/11/19,0.91,25.584M,3.5204,20.81,3140.98,5.75,2.2054
22/11/19,0.88,25.334M,3.487,20.5663,3110.29,6.07,2.2209
15/11/19,0.86,25.40M,3.4955,20.5778,3120.46,8.72,2.3047
08/11/19,0.89,25.179M,3.4649,20.395,3093.08,12.14,2.4243
01/11/19,0.89,25.002M,3.4346,20.2132,3066.91,12.77,2.1897
25/10/19,0.94,24.686M,3.3934,19.9169,3022.55,12.42,2.287
18/10/19,0.92,24.418M,3.3526,19.6789,2986.2,12.36,2.2492
11/10/19,0.92,24.305M,3.3347,19.5738,2970.27,13.08,2.1941
04/10/19,0.89,24.16M,3.3142,19.4537,2952.01,12.3,2.0151
27/09/19,0.88,24.226M,3.3886,19.4873,2961.79,13.12,2.1286
20/09/19,0.89,24.442M,3.4172,19.606,2992.07,17.14,2.1616
13/09/19,0.87,24.558M,3.4347,19.7062,3007.39,20.66,2.3708
06/09/19,0.9,24.326M,3.4022,19.5186,2978.71,21.14,2.025
30/08/19,0.91,23.902M,3.3425,19.1898,2926.46,20.72,1.9626
23/08/19,0.94,23.254M,3.2525,18.6229,2847.11,20,2.0252
16/08/19,0.88,23.593M,3.3001,18.8984,2888.68,17.96,2.0348
09/08/19,0.86,23.841M,3.3344,19.0941,2918.65,14.29,2.2586
02/08/19,0.89,23.973M,3.3517,19.1856,2932.05,8.99,2.382
26/07/19,0.95,24.697M,3.454,19.7653,3025.86,8.21,2.5922
19/07/19,0.99,24.315M,3.3978,19.4414,2976.61,7.74,2.5792
12/07/19,1.03,24.647M,3.4452,19.7046,3013.77,9.48,2.6467
05/07/19,1.05,24.456M,3.4186,19.5519,2990.41,11.26,2.5419
28/06/19,1.05,24.045M,3.3758,19.4767,2941.76,12.17,2.5291
21/06/19,1.05,24.109M,3.386,19.4933,2950.46,14.51,2.5841
14/06/19,1.04,23.594M,3.3132,19.0727,2886.98,14.93,2.5856
07/06/19,1.02,23.473M,3.2958,18.9818,2873.34,15.26,2.572
31/05/19,0.98,22.49M,3.1889,18.187,2752.06,13.14,2.5685
24/05/19,0.97,23.097M,3.2743,18.6501,2826.06,12.35,2.7512
17/05/19,0.95,23.375M,3.3133,18.8719,2859.53,11.75,2.8253
10/05/19,0.94,23.545M,3.3383,19.0168,2881.4,8.82,2.8867
03/05/19,0.93,24.067M,3.4116,19.4036,2945.64,7.27,2.9186
26/04/19,0.98,24.069M,3.4053,19.3386,2939.88,9.39,2.9233
12/04/19,1.03,23.806M,3.369,19.1256,2907.41,10.76,2.9769
05/04/19,1.05,23.692M,3.3519,19.0287,2892.74,10.73,2.9032
29/03/19,1.05,23.227M,3.3571,18.8601,2834.4,10.39,2.8143
22/03/19,1.06,22.954M,3.3185,18.6335,2800.71,11.01,2.8739
15/03/19,1.06,23.16M,3.342,18.7758,2822.48,9.34,3.0111
08/03/19,1.07,22.51M,3.2481,18.2481,2743.07,9.89,3.0119
01/03/19,1.09,23.009M,3.3198,18.6522,2803.69,10.88,3.1226
22/02/19,1.13,22.951M,3.3065,18.5543,2792.67,11.27,3.0159
15/02/19,1.19,22.85M,3.2867,18.4434,2775.6,11.32,2.9936
08/02/19,1.2,22.311M,3.207,17.9865,2707.88,16.61,2.9802
01/02/19,1.23,22.315M,3.203,17.9903,2706.53,24.96,3.0253
25/01/19,1.23,21.998M,3.1522,17.7197,2664.76,26.54,3.0662
18/01/19,1.19,22.034M,3.1593,17.7611,2670.71,27.07,3.0974
11/01/19,1.16,21.413M,3.0657,17.2355,2596.26,28.41,3.0334
04/01/19,1.14,20.882M,2.9898,16.8087,2531.94,29.5,2.981
28/12/18,1.13,20.479M,2.9678,16.8874,2485.74,27.4,3.0222
21/12/18,1.13,19.954M,2.8804,16.3714,2416.62,21.38,3.0308
14/12/18,1.12,21.458M,3.0988,17.6132,2599.95,21.09,3.1433
07/12/18,1.08,21.731M,3.1382,17.8367,2633.08,22.12,3.1403
30/11/18,1.07,22.827M,3.2913,18.7104,2760.17,21.35,3.29
23/11/18,1.03,21.742M,3.1413,17.8727,2632.56,20.86,3.3015
16/11/18,0.99,22.596M,3.2659,18.5784,2736.27,23.12,3.3163
09/11/18,0.97,22.981M,3.3144,18.8854,2781.01,22.17,3.3842
02/11/18,0.92,22.536M,3.2446,18.5142,2723.06,20.76,3.454
26/10/18,0.93,22.008M,3.1849,18.1267,2658.69,19.57,3.3098
19/10/18,0.93,22.926M,3.3153,18.8756,2767.78,15.85,3.3758
12/10/18,0.91,22.928M,3.3145,18.8712,2767.13,13.67,3.3347
05/10/18,0.91,23.917M,3.4534,19.6736,2885.57,6.47,3.4036
28/09/18,0.91,24.156M,3.5231,20.9823,2913.98,5.9,3.2057
21/09/18,0.92,24.285M,3.5436,21.0626,2929.67,6.87,3.1998
14/09/18,0.92,24.094M,3.5104,20.8995,2904.98,6.68,3.1309
07/09/18,0.87,23.819M,3.4704,20.6617,2871.68,7.11,3.1014
31/08/18,0.88,24.077M,3.5067,20.8785,2901.52,7.75,3.0191
24/08/18,0.88,23.855M,3.4723,20.7458,2874.69,7.4,2.9589
17/08/18,0.87,23.645M,3.4434,20.5628,2850.13,7.98,3.0199
10/08/18,0.88,23.497M,3.4235,20.4398,2833.28,8.14,3.0303
03/08/18,0.9,23.564M,3.4311,20.5171,2840.35,9.52,3.0886
27/07/18,0.91,23.44M,3.405,20.4294,2818.82,9.46,3.0822
20/07/18,0.92,23.32M,3.3841,20.3104,2801.83,8.81,3.0258
13/07/18,0.93,23.333M,3.3839,20.3035,2801.31,9.06,2.9315
06/07/18,0.91,22.993M,3.3337,20.002,2759.82,10.32,2.9293
29/06/18,0.89,22.659M,3.2933,20.5579,2718.37,9.88,2.989
22/06/18,0.87,22.959M,3.3396,20.862,2754.88,8.67,3.0394
15/06/18,0.88,23.213M,3.3731,20.9907,2779.66,9.03,3.0465
08/06/18,0.87,23.167M,3.3722,20.9854,2779.03,10.34,3.0896
01/06/18,0.87,22.82M,3.3215,20.6249,2734.62,11.31,3.0506
25/05/18,0.84,22.701M,3.3088,20.5799,2721.33,10.33,3.092
18/05/18,0.83,22.639M,3.2983,20.516,2712.97,11.69,3.1974
11/05/18,0.81,22.774M,3.3165,20.631,2727.72,14.24,3.1041
04/05/18,0.8,22.246M,3.241,20.2155,2663.42,18.76,3.1221
27/04/18,0.82,22.352M,3.2493,20.3717,2669.91,21.12,3.1245
20/04/18,0.82,22.366M,3.2498,20.3744,2670.14,20.57,3.1451
13/04/18,0.84,22.25M,3.233,20.2688,2656.3,21.05,3.027
06/04/18,0.83,21.824M,3.1691,19.8724,2604.47,21.37,3.0182
23/03/18,0.81,21.69M,3.1762,20.7252,2588.26,17.49,3.0608
16/03/18,0.78,23.025M,3.3709,21.9906,2752.01,23.1,3.077
09/03/18,0.75,23.32M,3.4132,22.2664,2786.57,24.12,3.158
02/03/18,0.69,22.521M,3.2965,21.4991,2691.25,23.6,3.1398
23/02/18,0.67,22.996M,3.3674,22.0349,2747.3,22.8,3.1555
16/02/18,0.67,22.891M,3.3491,21.917,2732.22,22.25,3.1316
09/02/18,0.7,21.96M,3.2115,21.0159,2619.55,21.53,3.1596
02/02/18,0.7,23.168M,3.3916,22.1964,2762.13,10.71,3.0868
26/01/18,0.69,24.093M,3.5226,23.1402,2872.87,7.33,2.9114
19/01/18,0.71,23.565M,3.4447,22.6387,2810.3,6.59,2.9331
12/01/18,0.71,23.369M,3.4151,22.4433,2786.24,6.3,2.8491
05/01/18,0.72,23.01M,3.3625,22.0974,2743.15,6.69,2.8105
29/12/17,0.72,22.434M,3.304,22.2046,2673.61,6.27,2.7399
22/12/17,0.71,22.51M,3.3123,22.3059,2683.34,6.7,2.8309
15/12/17,0.72,22.451M,3.2977,22.2236,2675.81,6.61,2.6873
08/12/17,0.72,22.249M,3.2677,22.0215,2651.5,6.07,2.7685
01/12/17,0.71,22.173M,3.2571,21.9496,2642.22,6.48,2.7615
24/11/17,0.7,21.847M,3.2108,21.6897,2602.42,5.5,2.7638
17/11/17,0.66,21.654M,3.1817,21.4939,2578.85,5.24,2.7778
03/11/17,0.72,21.723M,3.1932,21.5648,2587.84,4.49,2.8129
27/10/17,0.72,21.684M,3.1841,21.5504,2581.07,4.55,2.9179
20/10/17,0.71,21.66M,3.1772,21.5021,2575.21,3.41,2.8969
13/10/17,0.72,21.477M,3.1501,21.3182,2553.17,5.19,2.805
06/10/17,0.73,21.46M,3.1472,21.2933,2549.33,5.3,2.8936
29/09/17,0.71,21.211M,3.1826,21.3331,2519.36,5.94,2.8601
22/09/17,0.68,21.067M,3.1626,21.2165,2502.22,8.17,2.7801
15/09/17,0.66,21.043M,3.1545,21.1439,2500.23,9.37,2.77
08/09/17,0.64,20.722M,3.1061,20.8182,2461.43,8.79,2.6692
01/09/17,0.67,20.835M,3.1265,20.955,2476.55,8.48,2.777
25/08/17,0.67,20.542M,3.0875,20.7023,2443.05,8.31,2.7469
18/08/17,0.67,20.396M,3.0654,20.5549,2425.55,8.1,2.7762
11/08/17,0.69,20.521M,3.0853,20.6874,2441.32,6.78,2.7855
04/08/17,0.68,20.822M,3.1305,20.9977,2476.83,6.71,2.842
28/07/17,0.69,20.807M,3.1268,20.9899,2472.1,7.38,2.8953
21/07/17,0.69,20.844M,3.119,20.9774,2472.54,7.47,2.8087
14/07/17,0.7,20.742M,3.1022,20.8649,2459.27,7.41,2.9195
07/07/17,0.69,20.457M,3.0592,20.5772,2425.18,7.37,2.9289
30/06/17,0.7,20.451M,3.0583,20.6763,2423.41,6.77,2.8348
23/06/17,0.7,20.574M,3.137,21.1879,2438.3,8.01,2.7155
16/06/17,0.68,20.561M,3.1249,21.1684,2433.15,7.4,2.7752
09/06/17,0.69,20.54M,3.1232,21.1582,2431.77,7.33,2.8556
02/06/17,0.68,20.60M,3.1326,21.2246,2439.07,7.99,2.81
26/05/17,0.68,20.393M,3.107,21.0749,2415.82,8.14,2.912
19/05/17,0.71,20.11M,3.0629,20.7709,2381.73,8.72,2.8966
12/05/17,0.7,20.182M,3.0732,20.8505,2390.9,6.21,2.9889
05/05/17,0.71,20.261M,3.0831,20.9268,2399.29,6.54,2.9832
28/04/17,0.71,20.149M,3.0659,20.8236,2384.2,7.6,2.9508
21/04/17,0.69,19.855M,3.0207,20.5142,2348.69,7.12,2.9015
07/04/17,0.69,19.899M,3.0295,20.5767,2355.54,7.44,3.0078
31/03/17,0.7,19.952M,3.0417,20.6899,2362.72,7.59,3.0094
24/03/17,0.67,19.792M,3.0605,21.1326,2343.98,7.59,3.0134
17/03/17,0.66,20.062M,3.1012,21.3883,2378.25,6.6,3.1096
10/03/17,0.67,20.009M,3.0914,21.3436,2372.6,6.65,3.1647
03/03/17,0.7,20.096M,3.1052,21.4391,2383.12,6.91,3.0713
24/02/17,0.69,19.968M,3.0844,21.3258,2367.34,5.68,2.951
17/02/17,0.68,19.852M,3.0634,21.1826,2351.16,5.76,3.0231
10/02/17,0.69,19.58M,3.0179,20.8657,2316.1,6.32,3.0056
03/02/17,0.71,19.434M,2.9936,20.6954,2297.42,6.69,3.0902
27/01/17,0.72,19.422M,2.9919,20.6923,2294.69,6.31,3.0588
20/01/17,0.73,19.235M,2.961,20.487,2271.31,6.6,3.0488
13/01/17,0.75,19.259M,2.9687,20.5418,2274.64,7.51,2.9886
06/01/17,0.77,19.274M,2.9716,20.563,2276.98,7.8,3.0088
30/12/16,0.75,18.964M,2.8871,20.8313,2238.83,7.6,3.0651
23/12/16,0.76,19.171M,2.9194,21.0765,2263.79,7.17,3.1138
16/12/16,0.78,19.124M,2.9081,20.9856,2258.07,9.64,3.1741
09/12/16,0.78,19.136M,2.9099,20.9984,2259.53,9.99,3.1529
02/12/16,0.8,18.574M,2.8229,20.3708,2191.95,9.57,3.0615
25/11/16,0.83,18.749M,2.8512,20.5788,2213.35,9.45,3.0045
18/11/16,0.88,18.486M,2.8094,20.2934,2181.9,10.1,3.0296
04/11/16,0.84,17.691M,2.686,19.3979,2085.18,7.88,2.561
28/10/16,0.86,18.078M,2.7398,19.8391,2126.41,8.89,2.6154
21/10/16,0.89,18.23M,2.759,19.9828,2141.16,10.25,2.4846
14/10/16,0.86,18.164M,2.7482,19.905,2132.98,13.3,2.5583
07/10/16,0.85,18.346M,2.7737,20.0937,2153.74,12.88,2.4508
30/09/16,0.86,18.468M,2.7953,20.2615,2168.27,12.77,2.3154
23/09/16,0.88,18.439M,2.8483,20.4142,2164.69,11.84,2.3471
16/09/16,0.92,18.213M,2.8095,20.1363,2139.16,11.15,2.4452
09/09/16,0.92,18.113M,2.7947,20.0294,2127.81,9.2,2.3946
02/09/16,0.95,18.549M,2.864,20.5229,2179.98,5.3,2.2782
26/08/16,0.95,18.434M,2.8503,20.4397,2169.04,5.38,2.2869
19/08/16,0.94,18.564M,2.8699,20.5796,2183.87,5.64,2.2869
12/08/16,0.91,18.557M,2.8706,20.5814,2184.05,7.33,2.2306
05/08/16,0.89,18.549M,2.869,20.5584,2182.87,11.98,2.314
29/07/16,0.91,18.507M,2.8598,20.489,2173.6,16.86,2.1827
22/07/16,0.9,18.554M,2.8614,20.5062,2175.03,17.16,2.283
15/07/16,0.94,18.437M,2.8441,20.3815,2161.74,17.38,2.2655
08/07/16,0.98,18.168M,2.8023,20.0817,2129.9,17.29,2.0983
01/07/16,1,17.947M,2.7681,19.8768,2102.95,17.09,2.2253
24/06/16,1,17.378M,2.7208,19.1217,2037.41,14.56,2.4101
17/06/16,1.04,17.669M,2.7693,19.4286,2071.22,9.85,2.4196
10/06/16,1.04,17.877M,2.8027,19.6596,2096.07,10.23,2.4511
03/06/16,1.05,17.897M,2.8069,19.6889,2099.13,10.25,2.5097
27/05/16,1.04,17.913M,2.8114,19.6836,2099.06,10.33,2.6464
20/05/16,1.04,17.519M,2.7492,19.25,2052.32,10.24,2.6286
13/05/16,1.01,17.514M,2.746,19.2081,2046.61,10.84,2.5486
06/05/16,1,17.61M,2.7608,19.3312,2057.14,10.09,2.6276
29/04/16,1.13,17.688M,2.7763,19.4189,2065.3,9.44,2.6781
22/04/16,1.2,17.915M,2.8104,19.6745,2091.58,9.14,2.707
15/04/16,1.17,17.811M,2.7939,19.5654,2080.73,10.66,2.5593
08/04/16,1.19,17.534M,2.7494,19.2533,2047.6,12.39,2.5525
01/04/16,1.18,17.74M,2.7838,19.5461,2072.78,12.45,2.5997
18/03/16,1.33,17.541M,2.7813,18.8364,2049.58,15.9,2.6753
11/03/16,1.37,17.309M,2.7442,18.5846,2022.19,18.17,2.7532
04/03/16,1.43,17.121M,2.7132,18.3659,1999.99,20.01,2.6947
26/02/16,1.4,16.669M,2.6437,17.8633,1948.05,21.04,2.6363
19/02/16,1.36,16.429M,2.6039,17.5744,1917.78,22.28,2.6048
12/02/16,1.37,15.991M,2.5325,17.094,1864.78,22.59,2.604
05/02/16,1.37,16.144M,2.5539,17.2291,1880.05,21.58,2.6683
29/01/16,1.41,16.688M,2.6266,17.7857,1940.24,22.13,2.7438
22/01/16,1.42,16.403M,2.5809,17.4848,1906.9,21.09,2.8238
15/01/16,1.47,16.196M,2.5445,17.2241,1880.33,20.9,2.814
08/01/16,1.48,16.538M,2.6007,17.6041,1922.03,18.63,2.9094
01/01/16,1.5,17.57M,2.7632,18.7275,2043.94,16.33,3.0158
25/12/15,1.53,17.721M,2.778,18.6713,2060.99,17.32,2.9603
18/12/15,1.5,17.248M,2.7026,18.1352,2005.55,17.17,2.922
11/12/15,1.45,17.32M,2.7116,18.195,2012.37,15.17,2.8709
04/12/15,1.44,17.985M,2.8184,18.9138,2091.69,14.1,3.0095
27/11/15,1.43,17.979M,2.8147,18.8783,2090.11,12.44,2.9968
20/11/15,1.41,17.978M,2.8136,18.8712,2089.17,13.48,3.0199
13/11/15,1.39,17.401M,2.7189,18.2934,2023.04,12.38,3.0519
06/11/15,1.38,18.059M,2.8217,18.978,2099.2,12.59,3.0853
30/10/15,1.39,17.909M,2.8077,18.8321,2079.36,15.82,2.9222
23/10/15,1.41,17.92M,2.8021,18.8008,2075.15,16.79,2.9008
16/10/15,1.4,17.575M,2.7455,18.4193,2033.11,18.02,2.8812
09/10/15,1.37,17.416M,2.7208,18.2535,2014.89,21.18,2.9174
02/10/15,1.35,16.855M,2.6319,17.6819,1951.36,27.59,2.8274
25/09/15,1.3,16.677M,2.6119,17.2008,1931.34,27.84,2.9556
18/09/15,1.27,16.877M,2.6477,17.3911,1958.03,28.14,2.9356
11/09/15,1.24,16.936M,2.6517,17.4176,1961.05,27.33,2.9524
04/09/15,1.22,16.591M,2.597,17.0653,1921.22,26.18,2.8836
28/08/15,1.2,17.174M,2.6875,17.7045,1988.87,23.74,2.9119
21/08/15,1.17,17.023M,2.6632,17.5462,1970.89,14.71,2.7233
14/08/15,1.12,18.067M,2.8268,18.6247,2091.54,11.63,2.8416
07/08/15,1.1,17.946M,2.8082,18.5023,2077.57,12.56,2.8191
31/07/15,1.1,18.203M,2.8439,18.7515,2103.84,12.61,2.9061
24/07/15,1.05,18.021M,2.8221,18.5136,2079.65,12.38,2.9618
17/07/15,1.05,18.444M,2.889,18.9498,2126.64,12.59,3.0828
10/07/15,1.02,18.016M,2.8209,18.5033,2076.62,12.15,3.1899
03/07/15,1,18.025M,2.8232,18.5013,2076.78,11.08,3.1865
26/06/15,0.96,18.237M,2.8592,18.6939,2101.49,8.92,3.2402
19/06/15,0.93,18.311M,2.872,18.7448,2109.99,9.2,3.0471
12/06/15,0.93,18.173M,2.8483,18.5935,2094.11,10.06,3.103
05/06/15,0.91,18.168M,2.8518,18.5854,2092.83,10.15,3.1136
29/05/15,0.91,18.295M,2.8725,18.7301,2107.39,10.31,2.8818
22/05/15,0.89,18.449M,2.8967,18.8985,2126.06,9.96,2.9841
15/05/15,0.92,18.416M,2.8919,18.8667,2122.73,10.21,2.9292
08/05/15,0.91,18.355M,2.883,18.8098,2116.1,10.81,2.9006
01/05/15,0.93,18.309M,2.8724,18.7514,2108.29,10.5,2.8273
24/04/15,0.94,18.491M,2.8861,18.8121,2117.69,11.14,2.6098
17/04/15,0.97,18.183M,2.8471,18.4728,2081.18,12.75,2.5194
10/04/15,0.97,18.364M,2.8757,18.6581,2102.06,13.12,2.5791
03/04/15,0.97,18.052M,2.8269,18.348,2066.96,12.77,2.4858
27/03/15,0.93,18.002M,2.8457,18.2958,2061.02,11.99,2.5404
20/03/15,0.89,18.42M,2.9073,18.7178,2108.1,11.83,2.5059
13/03/15,0.89,17.907M,2.831,18.2311,2053.4,12.05,2.6987
06/03/15,0.86,18.057M,2.8547,18.3846,2071.26,12.63,2.8409
27/02/15,0.83,18.333M,2.9042,18.7122,2104.5,12.92,2.5903
20/02/15,0.87,18.41M,2.9121,18.766,2110.3,14.06,2.7142
13/02/15,0.91,18.303M,2.8928,18.65,2096.99,16.58,2.6478
06/02/15,0.99,17.958M,2.8357,18.2815,2055.47,16.33,2.5287
30/01/15,1,17.442M,2.7509,17.7588,1994.99,16.61,2.2222
23/01/15,1.01,17.921M,2.8235,18.2859,2051.82,17.08,2.3735
16/01/15,0.99,17.639M,2.7794,17.9966,2019.42,17.15,2.4531
09/01/15,0.99,17.865M,2.8147,18.2256,2044.81,16.47,2.5281
02/01/15,0.96,17.982M,2.8326,18.3546,2058.2,13.75,2.688
26/12/14,0.96,18.25M,2.832,18.6044,2088.77,13.33,2.8165
19/12/14,0.98,18.09M,2.8077,18.4326,2070.65,13.3,2.7542
12/12/14,0.97,17.495M,2.7152,17.826,2002.33,8.97,2.7372
05/12/14,0.89,18.133M,2.8143,18.4757,2075.37,6.62,2.9667
28/11/14,0.86,18.061M,2.8055,18.4267,2067.56,9.1,2.8888
21/11/14,0.88,17.987M,2.7989,18.3788,2063.5,9.98,3.0175
14/11/14,0.86,17.784M,2.7667,18.168,2039.82,15.71,3.0487
07/11/14,0.86,17.728M,2.7566,18.0997,2031.92,16.64,3.028
31/10/14,0.8,17.627M,2.7369,17.993,2018.05,17.73,3.0662
24/10/14,0.75,17.169M,2.6633,17.5238,1964.58,17.27,3.0423
17/10/14,0.8,16.512M,2.5567,16.8219,1886.76,15.17,2.9678
10/10/14,0.76,16.678M,2.5832,16.9962,1906.13,13.78,3.0124
03/10/14,0.76,17.224M,2.6669,17.5497,1967.9,9.92,3.1233
26/09/14,0.72,17.359M,2.7131,18.133,1982.85,8.92,3.214
19/09/14,0.68,17.588M,2.7477,18.3731,2010.4,5.98,3.284
12/09/14,0.66,17.37M,2.7136,18.1436,1985.54,7.67,3.3441
05/09/14,0.66,17.565M,2.7438,18.349,2007.71,9.61,3.2263
29/08/14,0.63,17.528M,2.7358,18.3142,2003.37,9.72,3.0792
22/08/14,0.62,17.401M,2.7157,18.1894,1988.4,10.81,3.1566
15/08/14,0.63,17.11M,2.6684,17.8812,1955.06,10.79,3.1323
08/08/14,0.59,16.908M,2.6369,17.6696,1931.59,10.85,3.2303
01/08/14,0.59,16.867M,2.6273,17.6118,1925.15,9.75,3.2807
25/07/14,0.56,17.349M,2.7021,18.1019,1978.34,7.79,3.2385
18/07/14,0.57,17.366M,2.702,18.1009,1978.22,7.93,3.2881
11/07/14,0.57,17.278M,2.6873,18.003,1967.57,6.43,3.3366
04/07/14,0.57,17.439M,2.7118,18.1681,1985.44,5.81,3.4694
27/06/14,0.56,17.201M,2.7233,18.2159,1960.96,6.33,3.3665
20/06/14,0.54,17.216M,2.7293,18.2197,1962.87,7.32,3.4337
13/06/14,0.54,16.979M,2.6925,17.9749,1936.16,7.87,3.4134
06/06/14,0.55,17.058M,2.7115,18.1002,1949.44,7.43,3.432
30/05/14,0.54,16.836M,2.678,17.8711,1923.57,7.88,3.3277
23/05/14,0.6,16.674M,2.6465,17.6721,1900.53,8.53,3.3933
16/05/14,0.62,16.475M,2.6149,17.4617,1877.86,11.78,3.346
09/05/14,0.62,16.476M,2.6157,17.4691,1878.48,12.01,3.4634
02/05/14,0.62,16.509M,2.6187,17.4947,1881.14,12.01,3.3668
25/04/14,0.64,16.382M,2.5946,17.346,1863.4,12.68,3.4428
18/04/14,0.64,16.417M,2.5967,17.3628,1864.85,12.94,3.5219
11/04/14,0.68,15.992M,2.5284,16.9068,1815.69,12.95,3.4827
04/04/14,0.71,16.425M,2.5971,17.3653,1865.09,10.17,3.5837
28/03/14,0.67,16.352M,2.5931,17.4599,1857.62,9.42,3.5473
21/03/14,0.69,16.43M,2.6022,17.5183,1866.52,9.51,3.6068
14/03/14,0.69,16.216M,2.5667,17.2795,1841.13,12.5,3.5992
07/03/14,0.69,16.544M,2.6179,17.6253,1878.04,12.94,3.7206
28/02/14,0.69,16.384M,2.5923,17.452,1859.45,14.1,3.5822
21/02/14,0.65,16.15M,2.5595,17.2657,1836.25,14.86,3.6934
14/02/14,0.63,16.179M,2.5634,17.2895,1838.63,14.73,3.6969
07/02/14,0.64,15.818M,2.5055,16.8987,1797.02,14.4,3.6725
31/01/14,0.65,15.688M,2.4863,16.7605,1782.59,11.42,3.5985
24/01/14,0.68,15.80M,2.4976,16.8246,1790.29,11.46,3.6325
17/01/14,0.71,16.237M,2.5643,17.278,1838.7,10.2,3.748
10/01/14,0.75,16.276M,2.5694,17.3127,1842.37,8.92,3.7999
03/01/14,0.8,16.174M,2.5542,17.2102,1831.37,9.1,3.9248
27/12/13,0.79,16.269M,2.6577,17.7269,1841.4,8.86,3.9367
20/12/13,0.76,15.949M,2.6143,17.4191,1818.32,9.06,3.823
13/12/13,0.74,15.568M,2.5518,17.0049,1775.32,9.41,3.8731
06/12/13,0.75,15.817M,2.5948,17.2815,1805.09,8.91,3.8893
29/11/13,0.74,15.826M,2.5969,17.353,1805.81,8.39,3.8106
22/11/13,0.75,15.814M,2.5958,17.3552,1804.76,9.72,3.8292
15/11/13,0.76,15.768M,2.5862,17.2918,1798.18,11.81,3.7947
08/11/13,0.76,15.512M,2.5435,17.0197,1770.61,12.7,3.8454
01/11/13,0.75,15.452M,2.5299,16.939,1761.64,11.7,3.6961
25/10/13,0.75,15.452M,2.5329,16.9463,1759.77,12.31,3.5999
18/10/13,0.77,15.327M,2.511,16.7978,1744.5,12.36,3.6412
11/10/13,0.8,14.966M,2.4516,16.3996,1703.2,11.74,3.7472
04/10/13,0.83,14.857M,2.4333,16.2775,1690.5,10.1,3.7198
27/09/13,0.83,14.863M,2.4812,16.4517,1691.75,9.79,3.6864
20/09/13,0.82,15.003M,2.506,16.5976,1709.91,10.7,3.7613
13/09/13,0.84,14.81M,2.4738,16.3845,1687.99,9.91,3.8349
06/09/13,0.82,14.507M,2.4228,16.0817,1655.17,9.82,3.8657
30/08/13,0.86,14.316M,2.391,15.8894,1632.97,9.37,3.6995
23/08/13,0.88,14.591M,2.4369,16.1839,1663.5,8.35,3.7916
16/08/13,0.88,14.521M,2.4258,16.1111,1655.83,8.75,3.8483
09/08/13,0.9,14.847M,2.4778,16.457,1691.42,7.72,3.6345
02/08/13,0.9,15.02M,2.5046,16.6411,1709.67,8.98,3.6843
26/07/13,0.91,14.874M,2.4797,16.4921,1691.65,12.85,3.6209
19/07/13,0.98,14.903M,2.4801,16.4982,1692.09,14.28,3.5604
12/07/13,1.04,14.801M,2.4627,16.3826,1680.19,15.65,3.625
05/07/13,1.03,14.39M,2.3936,16.0032,1631.89,15.85,3.713
28/06/13,1.01,14.17M,2.3655,15.9703,1606.28,15.56,3.4994
21/06/13,0.9,14.04M,2.3433,15.8148,1592.43,15.25,3.5818
14/06/13,0.87,14.342M,2.3939,16.1629,1626.73,12.36,3.3046
07/06/13,0.89,14.487M,2.4187,16.3305,1643.38,11.86,3.3343
31/05/13,0.84,14.369M,2.4045,16.2278,1630.74,10.31,3.2791
24/05/13,0.83,14.541M,2.4339,16.4286,1649.6,11.06,3.1721
17/05/13,0.83,14.687M,2.4595,16.5996,1667.47,13.41,3.1669
10/05/13,0.84,14.386M,2.4098,16.2658,1633.7,13.52,3.0943
03/05/13,0.83,14.216M,2.3801,16.0669,1614.42,13.7,2.9537
26/04/13,0.83,13.932M,2.3307,15.7578,1582.24,13.34,2.8611
19/04/13,0.86,13.694M,2.2915,15.4908,1555.25,13.03,2.8847
12/04/13,0.87,13.993M,2.3413,15.8257,1588.85,8.72,2.9177
05/04/13,0.88,13.679M,2.289,15.4719,1553.28,10.54,2.875
29/03/13,0.91,13.821M,2.3429,15.7373,1569.19,11.05,3.1023
22/03/13,0.92,13.718M,2.3246,15.6136,1556.89,10.74,3.1476
15/03/13,0.91,13.753M,2.3335,15.6438,1560.7,11.02,3.2115
08/03/13,0.93,13.664M,2.3192,15.5486,1551.18,11.42,3.2438
01/03/13,0.94,13.378M,2.2703,15.2177,1518.2,11.18,3.0506
22/02/13,0.94,13.384M,2.2687,15.2008,1515.6,8.76,3.1525
15/02/13,0.95,13.425M,2.2741,15.2436,1519.79,7.28,3.1753
08/02/13,0.96,13.407M,2.271,15.224,1517.93,11.85,3.1635
01/02/13,0.94,13.371M,2.2646,15.1994,1513.17,11.6,3.2178
25/01/13,0.95,13.266M,2.2518,15.1079,1502.96,12.53,3.1333
18/01/13,0.93,13.118M,2.2265,14.9412,1485.98,12.54,3.0289
11/01/13,0.93,12.994M,2.2056,14.8006,1472.05,12.64,3.0479
04/01/13,0.95,12.946M,2.1972,14.7442,1466.47,13.18,3.0972
28/12/12,0.96,12.385M,2.0996,14.4438,1402.43,11.4,2.8672
21/12/12,0.97,12.619M,2.1412,14.7327,1430.15,11.63,2.9312
14/12/12,0.98,12.473M,2.1171,14.5618,1413.58,13.11,2.864
07/12/12,1,12.501M,2.1299,14.6171,1418.07,13.51,2.8104
30/11/12,1,12.48M,2.1275,14.6044,1416.18,14.9,2.8089
23/11/12,0.99,12.424M,2.1177,14.5385,1409.15,15.24,2.8284
16/11/12,1.01,11.995M,2.0437,14.031,1359.88,13.35,2.7324
09/11/12,1.04,12.175M,2.0739,14.2385,1379.85,13.2,2.7408
02/11/12,1.05,12.486M,2.1259,14.5935,1414.2,11.26,2.9066
26/10/12,1.04,12.458M,2.1204,14.5698,1411.94,10.37,2.9042
19/10/12,1.05,12.653M,2.1524,14.7892,1433.19,10.85,2.9339
12/10/12,1.16,12.617M,2.1454,14.7396,1428.59,10.79,2.8317
05/10/12,1.25,12.901M,2.194,15.0735,1460.93,10.34,2.9712
28/09/12,1.32,12.722M,2.2277,15.045,1440.67,10.7,2.823
21/09/12,1.33,12.895M,2.2578,15.238,1460.15,9.57,2.9434
14/09/12,1.39,12.936M,2.2667,15.2975,1465.77,9.46,3.0884
07/09/12,1.39,12.679M,2.2184,14.9099,1437.92,10.21,2.8245
31/08/12,1.42,12.395M,2.1696,14.6046,1406.58,11.37,2.6723
24/08/12,1.42,12.438M,2.1793,14.6499,1411.13,12.15,2.8011
17/08/12,1.43,12.496M,2.1904,14.7213,1418.16,12.99,2.9309
10/08/12,1.44,12.385M,2.1712,14.5929,1405.87,13.5,2.7508
03/08/12,1.49,12.271M,2.1497,14.4348,1390.99,16.34,2.6435
27/07/12,1.51,12.254M,2.1546,14.4613,1385.97,17.01,2.6277
20/07/12,1.48,12.06M,2.1189,14.2196,1362.66,16.42,2.5448
13/07/12,1.46,12.014M,2.0976,14.077,1356.78,17.26,2.5727
06/07/12,1.43,11.988M,2.0944,14.0557,1354.68,19.05,2.6616
29/06/12,1.4,12.046M,2.132,14.3104,1362.16,19.14,2.7533
22/06/12,1.38,11.813M,2.1033,14.1189,1335.02,18.07,2.7616
15/06/12,1.38,11.867M,2.1128,14.1683,1342.84,16.51,2.684
08/06/12,1.36,11.715M,2.0857,13.9874,1325.66,15.68,2.7454
01/06/12,1.36,11.29M,2.0123,13.4921,1278.05,14.49,2.5194
25/05/12,1.33,11.644M,2.0736,13.9205,1317.82,12.72,2.8412
18/05/12,1.26,11.445M,2.0372,13.68,1295.22,13.9,2.8064
11/05/12,1.21,11.96M,2.1287,14.2934,1353.39,13.69,3.0103
04/05/12,1.2,12.099M,2.1549,14.4601,1369.1,14.34,3.0709
27/04/12,1.2,12.407M,2.2215,14.8911,1403.36,13.43,3.1224
20/04/12,1.22,12.191M,2.1824,14.6282,1378.53,13.57,3.124
13/04/12,1.25,12.097M,2.1693,14.5404,1370.26,13.98,3.1273
06/04/12,1.26,12.338M,2.2138,14.8358,1398.08,11.17,3.2157
30/03/12,1.25,12.448M,2.2828,15.1992,1408.47,10.46,3.3358
23/03/12,1.25,12.349M,2.2681,15.0804,1397.11,10.22,3.3051
16/03/12,1.23,12.416M,2.2717,15.0845,1404.17,10.04,3.4061
09/03/12,1.23,12.102M,2.2245,14.7887,1370.87,9.77,3.1778
02/03/12,1.26,12.092M,2.2273,14.7501,1369.63,8.23,3.1024
24/02/12,1.3,12.068M,2.2159,14.6702,1365.74,8.56,3.0992
17/02/12,1.31,12.038M,2.2086,14.6199,1361.23,8.64,3.1476
10/02/12,1.28,11.872M,2.1786,14.4215,1342.64,9.04,3.1404
03/02/12,1.33,11.891M,2.1822,14.4444,1344.9,10.37,3.1192
27/01/12,1.39,11.649M,2.1378,14.1421,1316.33,13.16,3.0574
20/01/12,1.38,11.64M,2.145,14.1835,1315.38,16.96,3.0998
13/01/12,1.36,11.408M,2.1024,13.9012,1289.09,16.88,2.91
06/01/12,1.41,11.31M,2.084,13.7797,1277.81,22.24,3.0156
30/12/11,1.39,11.134M,2.0432,14.3045,1257.61,24.04,2.8941
23/12/11,1.36,11.205M,2.0562,14.39,1265.33,24.86,3.0568
16/12/11,1.28,10.78M,1.9784,13.8551,1219.66,26.38,2.8511
09/12/11,1.28,11.09M,2.0301,14.2172,1255.19,29.1,3.1072
02/12/11,1.28,10.988M,2.0185,14.1367,1244.28,30.64,3.0237
25/11/11,1.31,10.235M,1.8793,13.1714,1158.67,28.41,2.9191
18/11/11,1.27,10.737M,1.9712,13.8187,1215.65,27.78,2.9941
11/11/11,1.24,11.168M,2.0494,14.3659,1263.86,29.38,3.13
04/11/11,1.27,11.104M,2.0321,14.2442,1253.23,30.23,3.0916
28/10/11,1.39,11.417M,2.0834,14.6146,1285.09,30.97,3.3754
21/10/11,1.43,11.015M,2.0078,14.0866,1238.25,29.22,3.2638
14/10/11,1.42,10.89M,1.9856,13.9362,1224.58,30.01,3.2315
07/10/11,1.35,10.277M,1.8736,13.1498,1155.46,30.21,3.0167
30/09/11,1.25,10.066M,1.8352,12.9296,1131.42,29.82,2.9134
23/09/11,1.2,10.099M,1.856,13.3505,1136.43,31.4,2.9002
16/09/11,1.19,10.803M,1.9843,14.2543,1216.01,42.66,3.313
09/09/11,1.13,10.258M,1.8835,13.53,1154.23,44.83,3.2463
02/09/11,1.06,10.434M,1.9156,13.7637,1173.97,43.4,3.2969
26/08/11,1.03,10.462M,1.9217,13.8124,1176.8,42.41,3.535
19/08/11,0.98,9.994M,1.8347,13.1874,1123.53,40.02,3.3904
12/08/11,0.99,10.494M,1.9248,13.8347,1178.81,37.56,3.7257
05/08/11,0.95,10.695M,1.9583,14.0757,1199.38,22.1,3.8458
29/07/11,0.88,11.538M,2.1117,15.1964,1292.28,15.66,4.1184
22/07/11,0.84,12.022M,2.1985,15.827,1345.02,15.23,4.2575
15/07/11,0.82,11.751M,2.1513,15.4872,1316.14,15.17,4.2465
08/07/11,0.77,11.991M,2.1961,15.8131,1343.8,16.11,4.2824
01/07/11,0.77,11.909M,2.1861,15.7971,1339.67,16.16,4.3908
24/06/11,0.77,11.279M,2.1191,15.3722,1268.45,14.52,4.1832
17/06/11,0.75,11.306M,2.1257,15.3975,1271.5,14.22,4.205
10/06/11,0.76,11.297M,2.1257,15.3993,1270.98,12.86,4.1816
03/06/11,0.76,11.556M,2.1745,15.7546,1300.16,12.48,4.2224
27/05/11,0.79,11.827M,2.2283,16.1486,1331.1,11.1,4.2424
20/05/11,0.83,11.847M,2.2361,15.6493,1333.27,10.67,4.2976
13/05/11,0.85,11.886M,2.2437,15.7024,1337.77,9.96,4.3078
06/05/11,0.82,11.914M,2.2479,15.7321,1340.2,9.07,4.2855
29/04/11,0.8,12.131M,2.2898,16.0385,1363.61,9.33,4.3968
22/04/11,0.81,11.897M,2.2453,15.7367,1337.39,12.43,4.4646
15/04/11,0.91,11.736M,2.2157,15.5283,1319.68,12.98,4.4684
08/04/11,0.91,11.811M,2.23,15.6298,1328.17,14.94,4.6417
01/04/11,0.9,11.842M,2.2462,15.7514,1332.41,16.65,4.4853
25/03/11,0.9,11.71M,2.2593,16.204,1313.8,16.48,4.5002
18/03/11,0.91,11.398M,2.2032,15.7679,1279.21,15.73,4.4166
11/03/11,0.91,11.619M,2.2464,16.077,1304.28,14.53,4.548
04/03/11,0.91,11.778M,2.2755,16.2856,1321.15,13.89,4.5963
25/02/11,0.9,11.733M,2.276,16.3145,1319.88,12.25,4.496
18/02/11,0.89,11.952M,2.3159,16.5986,1343.01,9.92,4.6836
11/02/11,0.94,11.827M,2.2921,16.4284,1329.15,10.34,4.6876
04/02/11,0.98,11.664M,2.2605,16.2024,1310.87,10.13,4.7275
28/01/11,1.02,11.349M,2.2038,15.8178,1276.34,8.86,4.5282
21/01/11,1.05,11.418M,2.2167,15.9229,1283.35,7.05,4.565
14/01/11,1.06,11.505M,2.2359,16.0432,1293.24,6.13,4.5301
07/01/11,1.08,11.306M,2.1985,15.7744,1271.5,8.97,4.4846
31/12/10,1.09,11.186M,2.1767,15.6164,1257.64,10.84,4.3341
24/12/10,1.08,11.178M,2.204,16.2531,1256.77,13.44,4.4698
17/12/10,1.1,11.029M,2.1765,16.0355,1243.91,13.73,4.4367
10/12/10,1.06,10.994M,2.1707,15.9928,1240.4,14.77,4.4289
03/12/10,1.05,10.842M,2.1471,15.7957,1224.71,14.72,4.3143
26/11/10,1.05,10.531M,2.0874,15.3685,1189.4,14.06,4.2093
19/11/10,1.05,10.622M,2.1056,15.502,1199.73,12.57,4.2444
12/11/10,1.05,10.606M,2.1055,15.4902,1199.21,12.16,4.2844
05/11/10,1.04,10.836M,2.1536,15.8359,1225.85,11.38,4.1192
29/10/10,1.03,10.465M,2.0805,15.3444,1183.26,12.35,3.9828
22/10/10,1.05,10.471M,2.0812,15.351,1183.08,12.99,3.9293
15/10/10,1.04,10.412M,2.0691,15.2615,1176.19,12.54,3.9791
08/10/10,1.03,10.31M,2.052,15.118,1165.15,16.09,3.7489
01/10/10,1.06,10.15M,2.0237,14.8738,1146.24,16.55,3.7147
24/09/10,1.11,10.166M,2.1059,15.8044,1148.67,17.6,3.794
17/09/10,1.14,9.963M,2.0679,15.4401,1125.59,18.36,3.9033
10/09/10,1.16,9.819M,2.0378,15.22,1109.55,19.37,3.8687
03/09/10,1.2,9.778M,2.0289,15.1617,1104.51,19,3.7811
27/08/10,1.2,9.416M,1.9565,14.6466,1064.59,18.16,3.6896
20/08/10,1.16,9.455M,1.9702,14.7495,1071.69,19.52,3.6601
13/08/10,1.18,9.524M,1.9844,14.8494,1079.25,20.83,3.8538
06/08/10,1.13,9.894M,2.062,15.43,1121.64,21.37,3.994
30/07/10,1.18,9.725M,2.0267,15.214,1101.6,21.55,3.9881
23/07/10,1.27,9.765M,2.0293,15.2323,1102.66,22.31,4.0142
16/07/10,1.33,9.443M,1.96,14.7199,1064.88,22.96,3.9379
09/07/10,1.36,9.546M,1.9895,14.9273,1077.96,25.34,4.0361
02/07/10,1.37,9.062M,1.8867,14.1944,1022.58,25.37,3.9425
25/06/10,1.38,9.534M,2.0054,16.3891,1076.77,27.03,4.0625
18/06/10,1.39,9.897M,2.0828,16.98,1117.51,30.38,4.1439
11/06/10,1.33,9.671M,2.034,16.588,1091.6,32.35,4.1493
04/06/10,1.25,9.435M,1.9877,16.1166,1064.88,31.6,4.1299
28/05/10,1.19,9.655M,2.0342,16.5446,1089.41,28.9,4.2088
21/05/10,1.13,9.635M,2.0316,16.5151,1087.69,27.24,4.0991
14/05/10,1.05,10.053M,2.1212,17.2433,1135.68,24.19,4.3357
07/05/10,0.98,9.823M,2.0748,16.8749,1110.89,19,4.2749
30/04/10,0.94,10.491M,2.2181,18.0949,1186.69,13.44,4.5172
23/04/10,0.95,10.769M,2.2785,18.5976,1217.28,9.17,4.6597
16/04/10,0.98,10.545M,2.2314,18.2145,1192.13,8.84,4.6705
09/04/10,1,10.561M,2.2356,18.2502,1194.37,7.63,4.7397
02/04/10,0.99,10.41M,2.21,18.0469,1178.1,8.66,4.806
26/03/10,0.98,10.313M,2.226,19.9406,1166.59,9.59,4.7457
19/03/10,1,10.251M,2.2172,19.7958,1159.9,10.63,4.5794
12/03/10,1.02,10.147M,2.1985,19.6299,1149.99,15.49,4.6248
05/03/10,1.02,10.038M,2.1772,19.4349,1138.7,16.54,4.6423
26/02/10,1.02,9.728M,2.1147,18.8996,1104.49,19.02,4.5566
19/02/10,1.01,9.752M,2.1236,18.9785,1109.17,18.89,4.7031
12/02/10,1,9.45M,2.0751,18.3582,1075.51,18.59,4.6463
05/02/10,0.96,9.366M,2.0576,18.1972,1066.19,17.93,4.5186
29/01/10,0.95,9.434M,2.076,18.413,1073.87,14.95,4.4884
22/01/10,0.94,9.594M,2.114,18.7738,1091.76,14.52,4.5312
15/01/10,1.01,10.00M,2.1998,19.5357,1136.03,10.79,4.5814
08/01/10,1.04,10.079M,2.2171,19.6894,1144.98,11.82,4.715
01/01/10,1.07,9.818M,2.1607,19.2747,1115.1,12.36,4.6281
25/12/09,1.09,9.929M,2.2346,26.5824,1126.48,12.7,4.6834
18/12/09,1.07,9.655M,2.1936,24.4027,1102.47,14.33,4.4575
11/12/09,1.12,9.652M,2.2015,24.4908,1106.41,14.47,4.5009
04/12/09,1.18,9.654M,2.2114,24.5502,1105.98,19.41,4.3947
27/11/09,1.17,9.504M,2.1847,24.2618,1091.49,19.95,4.1998
20/11/09,1.11,9.485M,2.185,24.2113,1091.38,19.67,4.2948
13/11/09,1.11,9.496M,2.1866,24.2615,1093.48,19.24,4.3516
06/11/09,1.12,9.287M,2.1381,23.7168,1069.3,20.12,4.3974
30/10/09,1.12,9.012M,2.0742,23.0457,1036.2,20.45,4.2253
23/10/09,1.14,9.388M,2.1626,23.9684,1079.6,16.47,4.2923
16/10/09,1.17,9.431M,2.1796,24.1254,1087.68,15.57,4.2443
09/10/09,1.16,9.344M,2.1512,23.7547,1071.49,17.02,4.2229
02/10/09,1.14,8.941M,2.0589,22.5281,1025.21,15.82,3.9962
25/09/09,1.13,9.106M,2.1228,22.2134,1044.38,16.2,4.09
18/09/09,1.21,9.31M,2.1803,22.446,1068.3,16.44,4.2169
11/09/09,1.21,9.084M,2.1282,21.9041,1042.73,16.9,4.1797
04/09/09,1.25,8.843M,2.0754,21.3317,1016.4,16.86,4.2666
28/08/09,1.31,8.953M,2.1046,21.5848,1028.93,15.63,4.2004
21/08/09,1.32,8.928M,2.0994,21.5165,1026.13,17.58,4.3748
14/08/09,1.28,8.731M,2.0545,21.0501,1004.09,17.53,4.4206
07/08/09,1.37,8.76M,2.0679,21.1644,1010.48,19.39,4.6045
31/07/09,1.51,8.584M,2.0572,19.4995,987.48,21.98,4.2983
24/07/09,1.67,8.487M,2.0417,19.3278,979.26,23.55,4.5391
17/07/09,1.75,8.15M,1.9608,18.5379,940.38,22.39,4.535
10/07/09,1.76,7.617M,1.8331,17.3304,879.13,21,4.1989
03/07/09,1.78,7.76M,1.8767,17.679,896.42,23.29,4.3209
26/06/09,1.77,7.952M,1.9623,16.1845,918.9,23.51,4.336
19/06/09,1.81,7.984M,1.9808,16.0771,921.23,23.59,4.5041
12/06/09,1.89,8.197M,2.0367,16.5031,946.21,25.75,4.6443
05/06/09,2.12,8.134M,2.023,16.3934,940.09,26.63,4.633
29/05/09,2.34,7.944M,2.0275,16.8001,919.14,29.81,4.3361
22/05/09,2.47,7.665M,1.9572,16.2129,887,28.93,4.3836
15/05/09,2.56,7.612M,1.9644,16.1582,882.88,30.4,4.0838
08/05/09,2.64,7.993M,2.0701,16.9522,929.23,31.34,4.2676
01/05/09,2.8,7.54M,1.9559,15.9923,877.52,36.74,4.0703
24/04/09,2.93,7.448M,1.9307,15.7064,866.23,38.45,3.8812
17/04/09,3.08,7.477M,1.9385,15.7655,869.6,40.12,3.7981
10/04/09,3.1,7.354M,1.9104,15.5216,856.56,45.66,3.7499
03/04/09,3.06,7.231M,1.8783,15.1643,842.5,46.23,3.6899
27/03/09,3.02,7.013M,1.8258,13.4092,815.94,47.85,3.6124
20/03/09,2.88,6.609M,1.7227,12.5783,768.54,43.86,3.6606
13/03/09,2.91,6.51M,1.6921,12.3726,756.55,43.34,3.6729
06/03/09,2.83,5.883M,1.5285,11.1766,683.38,39.13,3.5536
27/02/09,2.82,6.335M,1.6421,11.985,735.09,40.29,3.7083
20/02/09,2.75,6.651M,1.7182,12.5452,770.05,38.06,3.5673
13/02/09,2.8,7.136M,1.845,13.4764,826.84,36.86,3.6728
06/02/09,2.89,7.497M,1.9382,14.1572,868.6,36.33,3.6961
30/01/09,2.99,7.125M,1.8424,13.4053,825.88,35.53,3.603
23/01/09,3.06,7.17M,1.8553,13.5131,831.95,36.59,3.3212
16/01/09,3.08,7.32M,1.8959,13.8068,850.12,34.74,2.8747
09/01/09,3.19,7.662M,1.9856,14.4601,890.35,46.38,3.06
02/01/09,3.34,7.985M,2.0814,15.1196,931.8,56.79,2.7948
26/12/08,3.37,7.50M,1.6996,13.9558,872.8,61.1,2.6056
19/12/08,3.35,7.632M,1.7244,14.2422,887.88,66.53,2.5502
12/12/08,3.37,7.572M,1.7056,14.0222,879.73,69.62,3.0436
05/12/08,3.47,7.541M,1.6987,13.9667,876.07,75.92,3.1254
28/11/08,3.35,7.708M,1.732,14.2943,896.24,73,3.4369
21/11/08,3.15,6.888M,1.5467,12.648,800.03,75.38,3.6937
14/11/08,2.9,7.555M,1.6948,13.8027,873.29,80.85,4.2279
07/11/08,2.96,8.028M,1.8051,14.7046,930.99,78.91,4.2733
31/10/08,3.07,8.365M,1.878,15.27,968.75,79.18,4.3664
24/10/08,2.97,7.574M,1.6992,13.8875,876.77,75.2,4.0687
17/10/08,2.62,8.132M,1.8225,14.8977,940.55,72.34,4.3229
10/10/08,2.13,7.776M,1.7425,14.2422,899.22,55.92,4.1363
03/10/08,1.9,9.503M,2.1377,17.4329,1099.23,49.53,4.0872
26/09/08,1.75,10.448M,2.3427,17.7618,1213.01,36.7,4.3702
19/09/08,1.65,10.774M,2.4245,18.2312,1255.08,34.36,4.3823
12/09/08,1.59,10.73M,2.4031,18.3532,1251.7,24.01,4.3147
05/09/08,1.55,10.656M,2.3756,18.7485,1242.31,23.05,4.3019
29/08/08,1.55,11.003M,2.4545,19.1646,1282.83,22.62,4.4227
22/08/08,1.53,11.093M,2.4698,19.2572,1292.2,22.46,4.4662
15/08/08,1.49,11.139M,2.4816,19.3594,1298.2,23.72,4.4634
08/08/08,1.48,11.118M,2.4792,19.1909,1296.32,24.13,4.5333
01/08/08,1.48,10.808M,2.4108,18.6471,1260.31,22.34,4.5608
25/07/08,1.49,10.819M,2.4118,18.3379,1257.76,20.15,4.6852
18/07/08,1.51,10.84M,2.4178,18.3847,1260.68,19.64,4.6475
11/07/08,1.5,10.669M,2.3684,17.9865,1239.49,20.18,4.5398
04/07/08,1.45,10.859M,2.4157,18.2575,1262.9,18.71,4.5328
27/06/08,1.41,10.987M,2.4065,17.3526,1278.38,18.54,4.521
20/06/08,1.4,11.316M,2.4795,17.6488,1317.93,17.56,4.7243
13/06/08,1.4,11.677M,2.5576,18.2234,1360.03,17.58,4.7893
06/06/08,1.38,11.669M,2.5573,18.2999,1360.68,17.11,4.6237
30/05/08,1.39,11.989M,2.6249,18.6727,1400.38,13.1,4.7147
23/05/08,1.38,11.781M,2.5807,18.3498,1375.93,15.42,4.5678
16/05/08,1.36,12.20M,2.6734,19.0039,1425.35,15.45,4.5737
09/05/08,1.32,11.871M,2.6088,18.481,1388.28,18.13,4.5216
02/05/08,1.34,12.105M,2.6567,18.8138,1413.9,17.74,4.5775
25/04/08,1.4,11.981M,2.6299,18.6287,1397.84,23.81,4.5914
18/04/08,1.43,11.926M,2.6172,18.5394,1390.33,27.43,4.4961
11/04/08,1.44,11.429M,2.513,17.7709,1332.83,27.3,4.299
04/04/08,1.43,11.743M,2.5851,18.2696,1370.4,28.19,4.3055
28/03/08,1.42,11.277M,2.4783,16.5636,1315.22,26.49,4.3177
21/03/08,1.39,11.398M,2.5127,16.5904,1329.51,26.46,4.1599
14/03/08,1.38,11.044M,2.4341,16.0724,1288.14,22.88,4.3635
07/03/08,1.35,11.09M,2.4458,16.133,1293.37,20.43,4.5399
29/02/08,1.31,11.414M,2.5169,16.5982,1330.63,21.3,4.4023
22/02/08,1.31,11.637M,2.5608,16.8172,1353.11,22.76,4.5733
15/02/08,1.29,11.627M,2.5535,16.7816,1350,23.39,4.5762
08/02/08,1.29,11.468M,2.5183,16.5504,1331.29,23.63,4.4166
01/02/08,1.25,12.034M,2.6412,17.3395,1395.42,22.78,4.3084
25/01/08,1.24,11.478M,2.5165,16.5724,1330.61,21.32,4.2634
18/01/08,1.23,11.417M,2.5064,16.5067,1325.19,20.6,4.281
11/01/08,1.17,12.078M,2.6496,17.4471,1401.02,19.17,4.375
04/01/08,1.14,12.17M,2.6693,17.5782,1411.63,21.75,4.3761
28/12/07,1.14,12.743M,2.8202,16.9651,1478.49,21.16,4.4949
21/12/07,1.14,12.794M,2.8265,16.7501,1484.46,23,4.5823
14/12/07,1.17,12.649M,2.7949,16.5572,1467.95,24.34,4.6583
07/12/07,1.15,12.959M,2.8648,16.9703,1504.66,24.32,4.5697
30/11/07,1.08,12.756M,2.8198,16.706,1481.14,23.86,4.379
23/11/07,0.99,12.406M,2.7416,16.124,1440.7,21.72,4.4246
16/11/07,0.93,12.563M,2.772,16.3134,1458.74,20.25,4.5344
09/11/07,0.88,12.522M,2.7621,16.2594,1453.7,17.68,4.6028
02/11/07,0.85,13.023M,2.8703,16.8851,1509.65,15.12,4.6159
26/10/07,0.83,13.275M,2.9194,17.2176,1535.28,15.1,4.6979
19/10/07,0.81,12.98M,2.8558,16.8269,1500.63,15.13,4.6856
12/10/07,0.79,13.514M,2.9723,17.5149,1561.8,14.12,4.9011
05/10/07,0.83,13.502M,2.9682,17.4629,1557.59,17.49,4.8655
28/09/07,0.84,13.206M,2.9812,17.0597,1526.75,17.41,4.836
21/09/07,0.88,13.242M,2.9753,16.9526,1525.75,20.06,4.8852
14/09/07,0.88,12.889M,2.8944,16.4921,1484.25,21.81,4.7191
07/09/07,0.83,12.635M,2.8374,16.1571,1453.55,23.55,4.6973
31/08/07,0.83,12.809M,2.8759,16.3865,1473.99,24.74,4.8224
24/08/07,0.83,12.857M,2.8835,16.4577,1479.37,22.67,4.8843
17/08/07,0.85,12.57M,2.8182,16.0878,1445.94,23.27,4.9863
10/08/07,0.88,12.639M,2.8338,16.1727,1453.64,21.36,5.0331
03/08/07,0.99,12.491M,2.7924,15.9371,1433.06,17.43,4.8652
27/07/07,0.97,12.733M,2.8491,16.2663,1458.95,15.54,4.9317
20/07/07,0.88,13.411M,2.9958,17.1042,1534.1,13,5.0581
13/07/07,0.88,13.566M,3.032,17.3107,1552.5,14.3,5.1849
06/07/07,0.89,13.369M,2.9896,17.0599,1530.44,12.58,5.2684
29/06/07,0.88,13.118M,2.9434,17.1951,1503.35,12.44,5.1239
22/06/07,0.88,13.099M,2.9307,17.1765,1502.56,12.54,5.2481
15/06/07,0.9,13.359M,2.9867,17.5252,1532.91,12.15,5.259
08/06/07,0.95,13.142M,2.9377,17.2398,1507.67,11.09,5.207
01/06/07,0.93,13.394M,2.9949,17.5654,1536.34,8.83,5.0572
25/05/07,0.92,13.21M,2.9565,17.3504,1515.73,8.92,5.0024
18/05/07,0.92,13.253M,2.9713,17.4269,1522.75,9.05,4.9576
11/05/07,0.89,13.127M,2.9398,17.2317,1505.85,8.84,4.8493
04/05/07,0.91,13.139M,2.9388,17.2352,1505.62,8.02,4.8051
27/04/07,0.92,13.056M,2.9179,17.1224,1494.07,9.09,4.8806
20/04/07,0.93,12.978M,2.8991,17.0128,1484.35,11.26,4.8452
13/04/07,0.93,12.711M,2.8372,16.6526,1452.85,12.11,4.9296
06/04/07,0.94,12.631M,2.8202,16.5505,1443.76,16.61,4.9203
30/03/07,0.98,12.432M,2.8293,16.5894,1420.86,16.34,4.8432
23/03/07,0.99,12.55M,2.86,16.7802,1436.11,16.42,4.8022
16/03/07,0.96,12.141M,2.7612,16.1432,1386.95,15.08,4.6931
09/03/07,0.94,12.279M,2.7928,16.3276,1402.85,14,4.7214
02/03/07,0.9,12.145M,2.7621,16.1472,1387.17,13.44,4.6382
23/02/07,0.86,12.724M,2.8914,16.9017,1451.19,7.38,4.7765
16/02/07,0.89,12.771M,2.8992,16.9681,1455.54,7.4,4.7875
09/02/07,0.9,12.626M,2.8654,16.7865,1438.06,7.2,4.8635
02/02/07,0.92,12.719M,2.8881,16.9257,1448.39,7.51,4.922
26/01/07,0.92,12.489M,2.8381,16.6342,1422.18,7.45,4.9722
19/01/07,0.94,12.561M,2.855,16.7329,1430.5,5.95,4.8623
12/01/07,0.95,12.561M,2.8555,16.7365,1430.73,6.48,4.86
05/01/07,0.96,12.371M,2.8129,16.4816,1409.71,8.05,4.7385
29/12/06,0.89,12.441M,2.9065,16.9534,1418.3,7.81,4.8095
22/12/06,0.9,12.375M,2.8927,16.8708,1410.77,7.55,4.7578
15/12/06,0.9,12.516M,2.9262,17.0524,1427.09,7.89,4.7138
08/12/06,0.89,12.364M,2.891,16.8466,1409.84,8.05,4.6532
01/12/06,0.89,12.251M,2.863,16.6842,1396.71,8.25,4.5463
24/11/06,0.88,12.29M,2.8786,16.7264,1400.95,6.51,4.6311
17/11/06,0.87,12.301M,2.8827,16.7685,1401.2,6.92,4.6881
10/11/06,0.86,12.105M,2.8385,16.5188,1380.9,7.58,4.6972
03/11/06,0.86,11.956M,2.8006,16.2878,1364.3,7.12,4.8086
27/10/06,0.87,12.09M,2.8325,16.4707,1377.34,7.46,4.793
20/10/06,0.93,12.039M,2.8152,16.3671,1368.6,7.16,4.908
13/10/06,0.94,11.993M,2.8091,16.3328,1365.62,8.08,4.9334
06/10/06,0.94,11.86M,2.7761,16.1416,1349.58,7.8,4.8343
29/09/06,0.93,11.742M,2.798,16.67,1335.85,7.22,4.7619
22/09/06,0.91,11.559M,2.7572,16.4193,1314.78,7.79,4.7343
15/09/06,0.91,11.605M,2.7686,16.477,1319.87,7.92,4.9096
08/09/06,0.93,11.441M,2.7252,16.2217,1298.92,7.64,4.918
01/09/06,0.93,11.556M,2.7527,16.375,1311.01,7.76,4.8716
25/08/06,0.91,11.423M,2.7218,16.1963,1295.09,10.98,4.9243
18/08/06,0.91,11.475M,2.738,16.2852,1302.3,12.36,4.9786
11/08/06,0.89,11.181M,2.6634,15.8409,1266.74,12.1,5.0939
04/08/06,0.89,11.301M,2.6871,15.9848,1279.36,13.87,4.988
28/07/06,0.9,11.312M,2.6851,16.0323,1278.55,14.39,5.0703
21/07/06,0.93,10.992M,2.6049,15.5541,1240.29,15.29,5.0931
14/07/06,0.91,10.961M,2.5982,15.5155,1236.2,14.87,5.115
07/07/06,0.9,11.216M,2.6596,15.8832,1265.48,15.57,5.1738
30/06/06,0.92,11.254M,2.6694,15.9453,1270.2,15.57,5.1859
23/06/06,0.92,11.025M,2.6544,16.1231,1244.5,14.7,5.2536
16/06/06,0.88,11.066M,2.6693,16.2089,1251.54,14.78,5.1686
09/06/06,0.86,11.091M,2.671,16.2193,1252.3,13.03,5.0198
02/06/06,0.84,11.385M,2.7476,16.6826,1288.22,12.02,5.0949
26/05/06,0.82,11.32M,2.7352,16.6282,1280.16,11.37,5.1545
19/05/06,0.8,11.202M,2.7085,16.4887,1267.03,10.77,5.1376
12/05/06,0.77,11.417M,2.7633,16.8131,1291.24,10.02,5.3106
05/05/06,0.78,11.722M,2.8377,17.2609,1325.76,9.11,5.1875
28/04/06,0.8,11.605M,2.8096,17.1149,1310.61,8.61,5.1615
21/04/06,0.84,11.644M,2.8123,17.1375,1311.28,8.97,5.0928
14/04/06,0.84,11.418M,2.7639,16.8443,1289.12,8.11,5.1124
07/04/06,0.87,11.498M,2.778,16.9322,1295.5,8.77,5.0553
31/03/06,0.89,11.424M,2.7749,16.8713,1294.83,8.33,4.8898
24/03/06,0.88,11.489M,2.8459,17.5197,1302.95,8.51,4.6893
17/03/06,0.88,11.525M,2.8565,17.5651,1307.25,8.81,4.7173
10/03/06,0.88,11.309M,2.8,17.2182,1281.58,9,4.7476
03/03/06,0.89,11.433M,2.8124,17.294,1287.23,8.88,4.6594
24/02/06,0.91,11.439M,2.823,17.3678,1289.43,9.97,4.5258
17/02/06,0.93,11.397M,2.82,17.3634,1287.24,9.89,4.5057
10/02/06,0.94,11.138M,2.7743,17.09,1266.99,10.82,4.5518
03/02/06,0.92,11.119M,2.7679,17.0507,1264.03,10.71,4.6242
27/01/06,0.93,11.298M,2.8065,17.367,1283.72,10.34,4.6918
20/01/06,0.95,11.103M,2.7583,17.0678,1261.48,10.05,4.5214
13/01/06,0.95,11.334M,2.8154,17.4221,1287.61,8.11,4.5284
06/01/06,0.95,11.313M,2.811,17.3958,1285.45,9.18,4.5607
30/12/05,0.95,10.969M,2.7835,17.3676,1248.29,7.67,4.5348
23/12/05,0.94,11.136M,2.8309,17.654,1268.66,7.4,4.5447
16/12/05,0.95,11.139M,2.8253,17.6164,1267.32,7.5,4.6426
09/12/05,0.95,11.067M,2.8078,17.5083,1259.37,8.02,4.7273
02/12/05,0.96,11.12M,2.8204,17.579,1265.08,10.76,4.7135
25/11/05,1,11.136M,2.8329,17.6847,1268.25,12.06,4.6581
18/11/05,0.98,10.886M,2.7854,17.3892,1248.27,12.46,4.6831
11/11/05,0.96,10.766M,2.7549,17.201,1234.71,13.76,4.7412
04/11/05,0.96,10.633M,2.7228,16.9983,1220.14,13.71,4.8571
28/10/05,0.97,10.454M,2.6835,16.7259,1198.41,13.56,4.7719
21/10/05,0.96,10.293M,2.64,16.4723,1179.59,11.41,4.6017
14/10/05,0.94,10.361M,2.6556,16.5698,1186.57,10.31,4.7023
07/10/05,0.94,10.454M,2.6794,16.8467,1195.9,10.36,4.5645
30/09/05,0.91,10.79M,2.7624,17.3791,1228.81,9.13,4.5668
23/09/05,0.89,10.674M,2.7815,17.553,1215.29,9.46,4.5191
16/09/05,0.9,10.873M,2.8445,17.9017,1237.91,9.23,4.5646
09/09/05,0.91,10.902M,2.8528,17.9498,1241.48,9.38,4.399
02/09/05,0.89,10.696M,2.7989,17.617,1218.02,8.72,4.2961
26/08/05,0.87,10.573M,2.773,17.482,1205.1,8.72,4.372
19/08/05,0.87,10.716M,2.8072,17.7126,1219.71,8.46,4.4189
12/08/05,0.87,10.793M,2.8384,17.9223,1230.39,9.23,4.4484
05/08/05,0.86,10.772M,2.8306,17.8647,1226.42,9.25,4.582
29/07/05,0.87,10.851M,2.8508,18.0083,1234.18,9.44,4.4706
22/07/05,0.9,10.855M,2.8518,18.0118,1233.68,8.95,4.4399
15/07/05,0.91,10.798M,2.8373,17.9287,1227.92,8.27,4.3963
08/07/05,0.9,10.656M,2.8001,17.6944,1211.86,8.99,4.3413
01/07/05,0.91,10.489M,2.7603,17.4761,1194.44,7.79,4.2942
24/06/05,0.91,10.467M,2.7983,17.7545,1191.57,8.34,4.2207
17/06/05,0.9,10.687M,2.8605,18.1233,1216.96,8.87,4.3607
10/06/05,0.88,10.521M,2.8159,17.8486,1198.11,9.56,4.3244
03/06/05,0.88,10.506M,2.8108,17.8187,1196.02,11.33,4.2812
27/05/05,0.9,10.529M,2.8177,17.8688,1198.78,13.05,4.4293
20/05/05,0.92,10.447M,2.7951,17.7239,1189.28,14.92,4.4381
13/05/05,0.83,10.124M,2.7121,17.1952,1154.05,14.44,4.4805
06/05/05,0.77,10.29M,2.7512,17.454,1171.35,14.48,4.6278
29/04/05,0.74,10.169M,2.7189,17.2623,1156.85,14.24,4.5133
22/04/05,0.74,10.127M,2.7081,17.2113,1152.12,13.17,4.5793
15/04/05,0.72,10.043M,2.6858,17.069,1142.62,11.06,4.6084
08/04/05,0.7,10.384M,2.7763,17.6443,1181.2,9.92,4.7683
01/04/05,0.73,10.306M,2.7568,17.5671,1172.92,11.06,4.721
25/03/05,0.7,10.278M,2.7833,17.8373,1171.42,10.33,4.844
18/03/05,0.65,10.434M,2.8392,18.1504,1189.65,10.21,4.81
11/03/05,0.62,10.52M,2.8638,18.3069,1200.08,10.58,4.8093
04/03/05,0.61,10.727M,2.9162,18.6426,1222.13,9.73,4.6489
25/02/05,0.61,10.639M,2.8935,18.5186,1211.37,10.64,4.6386
18/02/05,0.59,10.552M,2.8712,18.3779,1201.59,9.58,4.6495
11/02/05,0.62,10.588M,2.8804,18.4364,1205.3,10.33,4.4805
04/02/05,0.66,10.55M,2.8754,18.4023,1203.03,10.01,4.4817
28/01/05,0.67,10.28M,2.8076,17.9636,1171.36,9.39,4.6079
21/01/05,0.67,10.228M,2.8004,17.9219,1167.87,9.67,4.6427
14/01/05,0.65,10.371M,2.8403,18.1795,1184.52,9.19,4.7276
07/01/05,0.65,10.383M,2.8443,18.202,1186.19,9.56,4.835
31/12/04,0.67,10.61M,2.9087,18.5833,1211.92,9.2,4.8261
24/12/04,0.66,10.596M,3.0227,19.1233,1210.13,9.6,4.8443
17/12/04,0.68,10.414M,2.9859,18.8536,1194.22,9.62,4.8265
10/12/04,0.7,10.358M,2.9704,18.7571,1188,10.4,4.8176
03/12/04,0.7,10.37M,2.9776,18.8025,1191.17,10.66,4.9268
26/11/04,0.7,10.309M,2.9678,18.6412,1182.65,10.96,4.8853
19/11/04,0.7,10.20M,2.9395,18.46,1170.34,11.79,4.8844
12/11/04,0.66,10.363M,2.9827,18.7315,1184.17,11.76,4.8967
05/11/04,0.69,10.216M,2.937,18.443,1166.17,12.07,4.8969
29/10/04,0.73,9.898M,2.8503,17.9453,1130.2,12.09,4.7889
22/10/04,0.72,9.618M,2.7565,17.4894,1095.73,10.87,4.7605
15/10/04,0.74,9.736M,2.7881,17.6895,1108.2,10.43,4.8451
08/10/04,0.76,9.856M,2.8232,17.912,1122.14,10.66,4.9067
01/10/04,0.79,9.935M,2.8491,18.0914,1131.5,9.93,4.9436
24/09/04,0.8,9.744M,2.8883,18.1232,1110.11,10.17,4.798
17/09/04,0.81,9.912M,2.9372,18.4217,1128.55,10,4.9095
10/09/04,0.82,9.87M,2.9251,18.3428,1123.92,12.46,4.9841
03/09/04,0.82,9.782M,2.8996,18.1848,1113.63,12.51,5.0578
27/08/04,0.81,9.732M,2.8829,18.1082,1107.77,12.99,5.0195
20/08/04,0.82,9.646M,2.8583,17.9549,1098.35,12.89,5.0239
13/08/04,0.81,9.341M,2.7721,17.4102,1064.8,11.59,5.0168
06/08/04,0.82,9.339M,2.7698,17.3964,1063.97,10.72,5.0355
30/07/04,0.79,9.658M,2.8703,18.0912,1101.72,9.22,5.1969
23/07/04,0.8,9.521M,2.8294,17.8449,1086.2,9.12,5.1659
16/07/04,0.79,9.652M,2.8695,18.0972,1101.4,9.73,5.115
09/07/04,0.8,9.745M,2.8993,18.2872,1112.81,9.97,5.2065
02/07/04,0.79,9.853M,2.9331,18.532,1125.38,10.38,5.2054
25/06/04,0.78,9.898M,3.0134,19.4692,1134.43,10.47,5.3347
18/06/04,0.77,9.901M,3.0163,19.4739,1135.02,11.53,5.3767
11/06/04,0.76,9.909M,3.0199,19.5042,1136.47,11.63,5.4742
04/06/04,0.76,9.799M,2.983,19.2649,1122.5,11.29,5.4572
28/05/04,0.72,9.788M,2.9818,19.3039,1120.68,12.75,5.3445
21/05/04,0.71,9.546M,2.911,18.8527,1093.56,12.23,5.4582
14/05/04,0.69,9.559M,2.9161,18.8852,1095.7,12.11,5.4853
07/05/04,0.71,9.578M,2.9289,18.9483,1098.7,12.73,5.466
30/04/04,0.72,9.655M,2.9514,19.1435,1107.31,13.15,5.2844
23/04/04,0.72,9.926M,3.0397,19.7743,1140.6,13.78,5.2391
16/04/04,0.72,9.891M,3.0279,19.6851,1134.61,14.56,5.1687
09/04/04,0.74,9.94M,3.0405,19.7648,1139.32,14.27,5.0277
02/04/04,0.78,9.967M,3.0486,19.8339,1141.81,13.98,4.9777
26/03/04,0.81,9.65M,3.0845,20.2668,1108.06,13.38,4.761
19/03/04,0.79,9.653M,3.0902,20.3044,1109.78,12.54,4.7042
12/03/04,0.79,9.744M,3.1213,20.5065,1120.57,11.64,4.717
05/03/04,0.77,10.041M,3.2224,21.17,1156.87,10.59,4.7628
27/02/04,0.76,9.922M,3.1937,21.0323,1144.94,10.5,4.8374
20/02/04,0.75,9.93M,3.1935,21.0424,1144.11,11.24,4.9525
13/02/04,0.76,9.943M,3.1974,21.0736,1145.81,11.29,4.9165
06/02/04,0.79,9.909M,3.1877,21.0121,1142.76,11.05,4.9166
30/01/04,0.85,9.805M,3.1606,20.8908,1131.13,10.63,4.961
23/01/04,0.91,9.897M,3.1903,21.0941,1141.55,8.94,4.9429
16/01/04,0.91,9.881M,3.1869,21.0723,1139.83,9.77,4.8919
09/01/04,0.94,9.723M,3.135,20.7289,1121.86,9.85,4.9592
02/01/04,0.98,9.611M,3.0979,20.4747,1108.48,10.21,5.1698
26/12/03,0.99,9.501M,3.1365,21.6597,1095.89,10.95,4.9694
19/12/03,0.97,9.523M,3.1185,21.5189,1088.67,11.52,4.9645
12/12/03,0.96,9.309M,3.0771,21.2315,1074.14,11.34,5.0904
05/12/03,0.99,9.199M,3.0428,20.9909,1061.5,11.2,5.0616
28/11/03,1.02,9.669M,3.0407,20.9684,1058.2,11.57,5.1311
21/11/03,1.01,9.46M,2.9768,20.5404,1035.28,11.01,5.0146
14/11/03,1.01,9.598M,3.0206,20.8385,1050.35,10.38,5.0505
07/11/03,1.01,9.617M,3.0269,20.8764,1053.21,12.14,5.2529
31/10/03,1,9.59M,3.0218,20.8503,1050.71,13.85,5.1314
24/10/03,1.01,9.392M,2.9631,20.5615,1028.91,14.94,5.119
17/10/03,1.02,9.489M,2.9931,20.774,1039.32,14.86,5.2488
10/10/03,1.06,9.481M,2.9883,20.7405,1038.06,15.28,5.1799
03/10/03,1.09,9.405M,2.9649,20.5759,1029.85,15.17,5.0955
26/09/03,1.09,9.102M,2.3941,20.6545,996.85,13.44,4.934
19/09/03,1.05,9.46M,2.4855,21.4621,1036.3,11.25,5.0679
12/09/03,1.08,9.298M,2.4422,21.0863,1018.63,11.45,5.1594
05/09/03,1.07,9.324M,2.448,21.1313,1021.39,10.88,5.1878
29/08/03,1.1,9.197M,2.4174,20.9168,1008.01,11.6,5.2228
22/08/03,1.13,9.06M,2.3815,20.6309,993.06,13.5,5.2581
15/08/03,1.15,9.037M,2.3812,20.6056,990.67,13.98,5.3969
08/08/03,1.15,8.915M,2.3502,20.3363,977.59,15.36,5.2305
01/08/03,1.13,8.938M,2.3572,20.3999,980.15,15.61,5.314
25/07/03,1.13,9.103M,2.403,20.8383,998.68,17.19,5.1163
18/07/03,1.12,9.052M,2.3908,20.7338,993.32,16.75,4.9326
11/07/03,1.12,9.088M,2.4023,20.8835,998.14,16.36,4.6818
04/07/03,1.12,8.974M,2.3729,20.6212,985.7,15.99,4.6838
27/06/03,1.2,8.888M,2.9857,20.7923,976.22,17.49,4.5824
20/06/03,1.24,9.064M,3.0486,21.1935,995.69,16.54,4.432
13/06/03,1.24,8.999M,3.0279,21.0258,988.61,15.67,4.173
06/06/03,1.22,8.994M,3.0251,21.0072,987.76,15.31,4.3962
30/05/03,1.19,8.772M,2.9541,20.5166,963.59,17.1,4.3762
23/05/03,1.22,8.494M,2.8585,19.8575,933.22,17.67,4.2591
16/05/03,1.16,8.593M,2.8934,20.0782,944.3,16.37,4.4139
09/05/03,1.1,8.495M,2.8605,19.8535,933.41,18.72,4.6704
02/05/03,1.12,8.466M,2.8529,19.7884,930.08,21.59,4.8318
25/04/03,1.11,8.176M,2.7604,19.1928,898.81,23.89,4.8146
18/04/03,1.09,8.133M,2.7454,19.0898,893.58,26,4.8897
11/04/03,1.12,7.90M,2.6645,18.585,868.3,25.68,4.9482
04/04/03,1.1,7.997M,2.6982,18.8207,878.85,25.93,4.9643
28/03/03,1.03,7.868M,2.6579,18.6906,863.5,25.8,4.9129
21/03/03,1.05,8.163M,2.7566,19.3593,895.79,24.08,5.0399
14/03/03,1.08,7.587M,2.5648,18.0122,833.27,21.55,4.7062
07/03/03,1.08,7.542M,2.5514,18.0134,828.89,19.83,4.6839
28/02/03,1.08,7.651M,2.59,18.2849,841.15,21.64,4.6692
21/02/03,1.1,7.717M,2.6122,18.4428,848.17,20.54,4.8455
14/02/03,1.12,7.593M,2.575,18.1727,834.89,21.53,4.8798
07/02/03,1.11,7.546M,2.5584,18.0408,829.69,22.97,4.8063
31/01/03,1.12,7.782M,2.6411,18.6246,855.7,22.92,4.8411
24/01/03,1.19,7.835M,2.661,18.7965,861.4,22.45,4.8616
17/01/03,1.17,8.199M,2.786,19.6798,901.78,21.33,4.9213
10/01/03,1.19,8.434M,2.8655,20.2401,927.57,21.17,5.045
03/01/03,1.22,8.263M,2.8064,19.8192,908.59,22.39,4.9531
27/12/02,1.24,7.96M,2.6156,19.068,875.4,21.14,4.7812
20/12/02,1.22,8.147M,2.6801,19.5166,895.75,22.87,4.8933
13/12/02,1.25,8.092M,2.6615,19.3784,889.48,22.47,4.9484
06/12/02,1.22,8.291M,2.7301,19.8512,912.23,21.78,4.9773
29/11/02,1.23,8.514M,2.8052,20.3992,936.31,22.73,5.0353
22/11/02,1.26,8.458M,2.7901,20.2844,930.55,26.14,5.0214
15/11/02,1.34,8.289M,2.7441,19.8191,909.83,30.09,4.9096
08/11/02,1.39,8.156M,2.6998,19.4875,894.74,33.64,4.7634
01/11/02,1.42,8.215M,2.7197,19.641,900.96,36.03,5.0408
25/10/02,1.45,8.183M,2.7074,19.6493,897.65,37.53,5.0833
18/10/02,1.45,8.064M,2.6682,19.3665,884.39,37.17,5.0581
11/10/02,1.42,7.617M,2.5212,18.2989,835.32,36.09,4.8041
04/10/02,1.31,7.297M,2.4158,17.5325,800.58,30.39,4.7136
27/09/02,1.29,7.544M,2.5197,18.7263,827.37,28.98,4.6784
20/09/02,1.25,7.71M,2.5255,19.142,845.39,28.93,4.7422
13/09/02,1.22,8.129M,2.6579,20.1495,889.81,32.44,4.7669
06/09/02,1.2,8.158M,2.6703,20.2572,893.92,37.1,4.8588
30/08/02,1.18,8.357M,2.7485,20.7786,916.07,38.55,4.9251
23/08/02,1.22,8.584M,2.8197,21.3267,940.86,42.65,5.0321
16/08/02,1.22,8.474M,2.7893,21.0894,928.77,42.91,5.0917
09/08/02,1.24,8.295M,2.7357,20.6999,908.64,42.99,5.1091
02/08/02,1.24,7.89M,2.6055,19.7128,864.24,39.27,5.2171
26/07/02,1.34,7.783M,2.5842,19.5486,852.84,35.41,5.3096
19/07/02,1.4,7.754M,2.5604,19.6332,847.76,27.83,5.3233
12/07/02,1.39,8.427M,2.7816,21.3537,921.39,26.06,5.3275
05/07/02,1.4,9.046M,2.984,22.9061,989.03,23.4,5.5244
28/06/02,1.35,9.054M,3.0514,23.5655,989.81,19.29,5.5076
21/06/02,1.31,9.041M,3.0547,23.5854,989.14,20.65,5.3971
14/06/02,1.3,9.205M,3.1135,24.0127,1007.28,22.16,5.4111
07/06/02,1.31,9.386M,3.1748,24.4235,1027.53,22.2,5.6591
31/05/02,1.34,9.755M,3.3073,25.4652,1067.14,20.9,5.6147
24/05/02,1.36,9.90M,3.361,25.8365,1083.82,21.98,5.6612
17/05/02,1.36,10.106M,3.4317,26.3809,1106.59,22.54,5.7556
10/05/02,1.33,9.625M,3.211,25.1451,1054.99,20.49,5.5986
03/05/02,1.25,9.786M,3.2659,25.6569,1073.43,15.66,5.536
26/04/02,1.2,9.81M,3.2766,25.9951,1076.32,15.13,5.5873
19/04/02,1.28,10.255M,3.4263,27.2012,1125.17,14.81,5.6837
12/04/02,1.32,10.123M,3.3838,26.8657,1111.01,15.14,5.647
05/04/02,1.31,10.228M,3.4201,27.1514,1122.73,15.18,5.666
29/03/02,1.31,10.45M,3.4301,27.2245,1147.39,17.45,5.795
22/03/02,1.29,10.464M,3.433,27.2696,1148.7,17.4,5.812
15/03/02,1.28,10.622M,3.4868,27.6839,1166.16,19.04,5.76
08/03/02,1.31,10.598M,3.4817,27.6454,1164.31,21.41,5.717
01/03/02,1.35,10.299M,3.3846,26.889,1131.78,20.46,5.504
22/02/02,1.36,9.915M,3.2642,25.8688,1089.84,19.53,5.344
15/02/02,1.37,10.04M,3.3097,26.1988,1104.18,17.58,5.366
08/02/02,1.43,9.966M,3.2867,26.0304,1096.22,17.24,5.375
01/02/02,1.37,10.201M,3.3684,26.6366,1122.2,15.32,5.393
25/01/02,1.35,10.29M,3.4048,26.8181,1133.28,12.72,5.467
18/01/02,1.31,10.238M,3.3876,26.6856,1127.58,13.26,5.358
11/01/02,1.29,10.399M,3.4351,27.1023,1145.6,14.03,5.371
04/01/02,1.3,10.636M,3.516,27.7484,1172.51,15.48,5.548
28/12/01,1.36,10.528M,3.4457,25.6239,1161.02,15.33,5.535
21/12/01,1.42,10.378M,3.4,25.1896,1144.89,16.11,5.442
14/12/01,1.4,10.178M,3.3547,24.7477,1123.09,16.48,5.585
07/12/01,0.95,10.492M,3.4593,25.4992,1158.31,18.7,5.584
30/11/01,0.85,10.307M,3.4063,25.0939,1139.45,17.72,5.286
23/11/01,0.81,10.396M,3.4346,25.1551,1150.34,17.68,5.36
16/11/01,0.84,10.29M,3.3996,24.8997,1138.65,18.69,5.268
09/11/01,0.87,10.131M,3.3468,24.5143,1120.31,19.26,4.873
02/11/01,0.87,9.828M,3.2462,23.7555,1087.2,19.87,4.956
26/10/01,0.88,9.981M,3.2985,23.8884,1104.61,23.73,5.271
19/10/01,0.88,9.702M,3.2059,23.2149,1073.48,29.06,5.358
12/10/01,0.88,9.869M,3.2595,23.6027,1091.65,29.17,5.426
05/10/01,0.87,9.668M,3.2006,23.3278,1071.38,28.64,5.308
28/09/01,0.85,9.393M,3.0691,20.9088,1040.94,27.85,5.421
21/09/01,0.86,8.715M,2.8485,19.3713,965.8,22.66,5.583
14/09/01,0.85,9.844M,3.2191,21.9091,1092.54,16.26,5.35
07/09/01,0.84,9.783M,3.1986,21.7784,1085.78,16,5.369
31/08/01,0.83,10.196M,3.34,22.7723,1133.58,16.19,5.368
24/08/01,0.85,10.648M,3.4888,23.6592,1184.93,15.72,5.449
17/08/01,0.82,10.44M,3.4217,23.2028,1161.97,16.42,5.42
10/08/01,0.82,10.689M,3.5035,23.7602,1190.16,17.81,5.504
03/08/01,0.81,10.908M,3.5734,24.2452,1214.35,17.17,5.585
27/07/01,0.83,10.824M,3.551,23.9209,1205.82,17.8,5.543
20/07/01,0.84,10.864M,3.5689,24.0398,1210.85,16.62,5.549
13/07/01,0.84,10.913M,3.5817,24.1241,1215.68,17.02,5.619
06/07/01,0.84,10.665M,3.5128,23.5866,1190.59,15.51,5.732
29/06/01,0.81,10.969M,3.5707,23.1108,1224.42,15,5.759
22/06/01,0.79,10.964M,3.5789,23.1384,1225.35,16.99,5.575
15/06/01,0.79,10.865M,3.5534,22.9031,1214.36,16.17,5.677
08/06/01,0.79,11.319M,3.7014,23.8578,1264.96,16.58,5.737
01/06/01,0.8,11.281M,3.6843,23.7589,1260.67,17.78,5.705
25/05/01,0.78,11.431M,3.7275,24.0153,1277.89,20.71,5.853
18/05/01,0.77,11.555M,3.7695,24.2842,1291.96,20.59,5.767
11/05/01,0.78,11.129M,3.6339,23.4041,1245.67,26.98,5.854
04/05/01,0.79,11.313M,3.6974,23.8001,1266.61,29,5.676
27/04/01,0.83,11.192M,3.6551,23.3031,1253.05,30.77,5.8
20/04/01,0.88,11.102M,3.6247,23.0999,1242.98,34.55,5.797
13/04/01,0.89,10.575M,3.4535,22.0025,1183.5,33.1,5.603
06/04/01,0.9,10.079M,3.2922,20.977,1128.43,31.5,5.464
30/03/01,0.91,10.336M,3.4333,21.0919,1160.33,27.37,5.444
23/03/01,0.9,10.151M,3.3763,20.7331,1139.83,25.41,5.314
16/03/01,0.86,10.244M,3.4066,20.897,1150.53,22.5,5.271
09/03/01,0.81,10.973M,3.6523,22.4067,1233.42,17.28,5.322
02/03/01,0.85,10.978M,3.6547,22.4216,1234.18,15.75,5.367
23/02/01,0.83,11.071M,3.6926,22.5817,1245.86,15.15,5.478
16/02/01,0.78,11.554M,3.8569,23.5946,1301.53,14.07,5.454
09/02/01,0.71,11.646M,3.902,23.8155,1314.76,22.81,5.389
02/02/01,0.71,11.946M,4.007,24.4712,1349.47,23.56,5.509
26/01/01,0.74,11.981M,4.032,24.6034,1354.95,26.52,5.64
19/01/01,0.76,11.871M,3.9936,24.3616,1342.54,27.16,5.553
12/01/01,0.82,11.732M,4.0126,23.9841,1318.32,29.77,5.618
05/01/01,0.84,11.471M,3.9524,23.6257,1298.35,30.54,5.398
29/12/00,0.82,11.646M,4.2238,23.8808,1320.28,24.95,5.457
22/12/00,0.79,11.514M,4.1761,23.6073,1305.97,25.93,5.402
15/12/00,0.82,11.563M,4.1806,23.6031,1312.15,23.8,5.419
08/12/00,0.81,12.017M,4.3391,24.6228,1369.89,24.04,5.502
01/12/00,0.81,11.545M,4.1608,23.642,1315.23,20.53,5.635
24/11/00,0.86,11.758M,4.2537,24.1222,1341.77,22.92,5.667
17/11/00,0.81,11.975M,4.3292,24.5576,1367.72,25.25,5.776
10/11/00,0.82,11.948M,4.3258,24.5159,1365.98,24.41,5.869
03/11/00,0.82,12.46M,4.5137,25.5756,1426.69,24.3,5.859
27/10/00,0.84,12.023M,4.3733,24.804,1379.58,23.14,5.741
20/10/00,0.8,12.16M,4.4266,25.1186,1396.93,22.28,5.727
13/10/00,0.79,11.957M,4.3528,24.681,1374.17,18.88,5.804
06/10/00,0.71,12.263M,4.4578,25.2743,1408.99,13.79,5.837
29/09/00,0.7,12.506M,4.6374,26.6911,1436.51,12.8,5.885
22/09/00,0.73,12.608M,4.6812,26.982,1448.72,11.07,5.913
15/09/00,0.75,12.757M,4.7247,27.1968,1465.81,10.88,5.9
08/09/00,0.71,12.999M,4.8188,27.741,1494.5,10.82,5.7
01/09/00,0.72,13.365M,4.9022,28.2259,1520.77,12.76,5.661
25/08/00,0.71,13.132M,4.8628,28.0036,1506.45,14.09,5.669
18/08/00,0.71,12.992M,4.8215,27.7494,1491.72,14.44,5.69
11/08/00,0.7,12.812M,4.7571,27.3801,1471.84,15.4,5.706
04/08/00,0.7,12.729M,4.726,27.1931,1462.93,15.22,5.708
28/07/00,0.69,12.312M,4.6276,26.7131,1419.89,16.4,5.785
21/07/00,0.68,12.723M,4.8174,27.6348,1480.19,15.35,5.789
14/07/00,0.71,12.971M,4.9201,28.1831,1509.98,14.87,5.876
07/07/00,0.73,12.705M,4.8237,27.6492,1478.9,18.89,5.869
30/06/00,0.75,12.425M,4.8022,27.3147,1454.6,19.76,5.896
23/06/00,0.72,12.298M,4.842,27.8452,1441.48,22,6.041
16/06/00,0.83,12.473M,4.8765,28.0255,1464.46,22.57,5.869
09/06/00,0.91,12.399M,4.8549,27.9967,1456.95,23.92,5.895
02/06/00,0.93,12.563M,4.9258,28.3948,1477.26,25.84,5.945
26/05/00,0.95,11.701M,4.6053,26.6886,1378.02,26.25,6.059
19/05/00,0.95,11.907M,4.694,27.1993,1406.95,31.76,6.206
12/05/00,0.89,11.426M,4.7415,27.4684,1420.96,30.5,6.201
05/05/00,0.87,11.558M,4.7758,27.6642,1432.63,29.53,6.188
28/04/00,0.81,11.748M,4.8266,28.1915,1452.43,29.59,5.96
21/04/00,0.77,11.609M,4.768,27.8484,1434.54,32.34,5.827
14/04/00,0.73,10.972M,4.4995,26.2566,1356.56,31.51,5.776
07/04/00,0.72,12.265M,5.023,29.3285,1516.35,24.64,5.709
31/03/00,0.71,12.056M,4.9542,28.9437,1498.58,25.05,5.828
24/03/00,0.7,12.396M,5.2361,30.6133,1527.46,26.59,5.986
17/03/00,0.7,11.764M,5.0098,29.2932,1464.47,27.2,6
10/03/00,0.65,11.155M,4.7698,27.9115,1395.07,22.97,6.176
03/03/00,0.64,11.278M,4.8191,28.197,1409.17,23.11,6.132
25/02/00,0.61,10.671M,4.5633,26.7212,1333.36,21.48,6.129
18/02/00,0.62,10.74M,4.6071,26.9477,1346.09,21.97,6.158
11/02/00,0.61,11.068M,4.7452,27.7523,1387.12,24.47,6.269
04/02/00,0.57,11.444M,4.8734,28.5153,1424.37,22.64,6.271
28/01/00,0.56,10.887M,4.6528,27.1707,1360.16,21.5,6.452
21/01/00,0.56,11.488M,4.9321,28.8091,1441.36,18.22,6.695
14/01/00,0.57,11.666M,5.0171,29.2888,1465.15,18.39,6.697
07/01/00,0.52,11.469M,4.9268,28.7578,1441.47,18.51,6.546
31/12/99,0.6,11.678M,5.0357,29.34,1469.25,11.98,6.478
24/12/99,0.62,11.577M,5.1845,30.639,1458.34,13.75,6.486
17/12/99,0.65,11.256M,5.032,29.7248,1421.03,13.29,6.374
10/12/99,0.66,11.183M,5.0111,29.6013,1417.04,13.3,6.166
03/12/99,0.67,11.225M,5.0416,29.7939,1433.3,16.99,6.252
26/11/99,0.71,11.153M,4.9693,29.5393,1416.62,16.74,6.232
19/11/99,0.72,11.175M,4.9953,29.6699,1422,21.04,6.162
12/11/99,0.84,10.796M,4.904,29.1453,1396.06,21.18,6.036
05/11/99,0.93,10.535M,4.8076,28.5866,1370.23,21.74,6.056
29/10/99,0.87,10.201M,4.8057,28.4839,1362.93,23.78,6.163
22/10/99,0.8,9.72M,4.5957,27.253,1301.65,21.05,6.351
15/10/99,0.81,9.312M,4.4057,26.1498,1247.41,19.01,6.257
08/10/99,0.81,10.052M,4.7047,28.0041,1336.02,19.01,6.195
01/10/99,0.85,9.655M,4.4958,27.0204,1282.81,18.74,6.134
24/09/99,0.84,9.863M,4.5455,27.5959,1277.36,18.9,5.973
17/09/99,0.78,10.318M,4.7567,28.856,1335.42,18.8,6.056
10/09/99,0.77,10.457M,4.813,29.1862,1351.66,18.61,6.041
03/09/99,0.77,10.514M,4.8348,29.3136,1357.24,19.78,6.018
27/08/99,0.77,10.426M,4.8043,29.1818,1348.27,18.22,5.976
20/08/99,0.77,10.335M,4.765,28.9518,1336.61,16.59,5.985
13/08/99,0.74,10.332M,4.7331,28.7403,1327.68,15.9,6.103
06/08/99,0.75,10.08M,4.641,28.172,1300.29,15.45,6.176
30/07/99,0.75,10.308M,4.7409,28.8169,1328.72,15.33,6.103
23/07/99,0.76,10.527M,4.843,29.4191,1356.94,15.09,6.025
16/07/99,0.77,10.984M,5.0445,30.6859,1418.78,13.75,5.884
09/07/99,0.75,10.854M,4.9861,30.3279,1403.28,15.29,5.999
02/07/99,0.77,10.761M,4.9868,30.2868,1391.22,18.9,5.998
25/06/99,0.79,10.05M,4.8101,29.1334,1315.31,17.63,6.15
18/06/99,0.78,10.294M,4.9006,29.6851,1342.84,18.63,5.972
11/06/99,0.78,9.899M,4.7282,28.6467,1293.64,19.2,6.159
04/06/99,0.78,10.186M,4.8446,29.3724,1327.75,18.66,5.963
28/05/99,0.8,9.985M,4.7484,28.7618,1301.84,19.8,5.828
21/05/99,0.78,10.315M,4.8513,29.3707,1330.29,18.29,5.751
14/05/99,0.78,10.312M,4.8843,29.5759,1337.8,18.67,5.922
07/05/99,0.79,10.341M,4.9161,29.7621,1345,19.52,5.813
30/04/99,0.82,10.328M,4.8846,29.4975,1335.18,20.19,5.662
23/04/99,0.83,10.487M,4.9683,29.9765,1356.85,20.9,5.597
16/04/99,0.84,10.197M,4.8323,29.1573,1319,17.78,5.573
09/04/99,0.86,10.438M,4.9298,29.7466,1348.35,18.42,5.46
02/04/99,0.86,10.01M,4.7421,28.6088,1293.72,19.59,5.596
26/03/99,0.9,9.921M,4.7984,28.7749,1282.8,19.03,5.589
19/03/99,0.92,9.914M,4.8659,29.158,1299.29,20.05,5.56
12/03/99,0.92,9.892M,4.8602,29.124,1294.59,20.34,5.526
05/03/99,0.92,9.739M,4.8068,28.8845,1275.47,21.59,5.596
26/02/99,0.96,9.442M,4.6706,28.0776,1238.33,22.16,5.576
19/02/99,1.01,9.461M,4.6897,28.3004,1239.22,21.86,5.387
12/02/99,0.99,9.406M,4.6568,28.1011,1230.13,22.42,5.422
05/02/99,1.02,9.471M,4.6911,28.3015,1239.4,19.58,5.349
29/01/99,1.05,9.787M,4.8523,29.2512,1279.64,19.51,5.086
22/01/99,1.05,9.346M,4.6486,28.042,1225.19,20.89,5.082
15/01/99,1.04,9.48M,4.7173,28.4554,1243.26,21,5.107
08/01/99,1.06,9.728M,4.8462,29.1898,1275.09,20.19,5.273
01/01/99,1.01,9.302M,4.6592,28.1609,1229.23,20.02,5.095
25/12/98,1.01,9.26M,4.685,28.1647,1226.27,19.55,5.216
18/12/98,1.02,8.944M,4.5332,27.2791,1188.03,19.08,4.998
11/12/98,1.01,8.818M,4.4496,26.7763,1166.46,17.09,5.024
04/12/98,1.01,8.966M,4.4903,27.0218,1176.74,16.85,5.04
27/11/98,1,9.076M,4.5555,27.3531,1192.33,11.73,5.159
20/11/98,0.94,8.858M,4.4458,26.7048,1163.55,15.38,5.218
13/11/98,0.91,8.53M,4.3025,25.8699,1125.72,18.6,5.25
06/11/98,0.86,8.64M,4.3426,26.0403,1141.01,24.05,5.387
30/10/98,0.82,8.333M,4.1792,25.123,1098.67,26.64,5.157
23/10/98,0.81,8.119M,4.0734,24.4762,1070.67,27.42,5.178
16/10/98,0.8,8.007M,4.0205,24.1585,1056.42,33.98,4.978
09/10/98,0.8,7.46M,3.7459,22.5096,984.39,39.85,5.115
02/10/98,0.76,7.627M,3.8132,22.8678,1002.6,40.47,4.84
25/09/98,0.7,7.986M,4.0274,23.8562,1044.75,39.05,5.109
18/09/98,0.68,7.797M,3.9323,23.218,1020.09,37.49,5.147
11/09/98,0.64,7.731M,3.9034,22.9936,1009.06,37.65,5.229
04/09/98,0.65,7.46M,3.7685,22.1742,973.89,32.41,5.288
28/08/98,0.63,7.908M,3.981,23.3707,1027.14,23.06,5.338
21/08/98,0.62,8.321M,4.1902,24.5987,1081.24,20.54,5.433
14/08/98,0.62,8.182M,4.1174,24.1709,1062.75,19.01,5.54
07/08/98,0.59,8.334M,4.2216,24.7804,1089.45,18.73,5.631
31/07/98,0.61,8.533M,4.343,25.5114,1120.67,15.7,5.713
24/07/98,0.59,8.67M,4.4276,26.0435,1140.8,15.39,5.686
17/07/98,0.59,9.026M,4.6069,27.0978,1186.75,13.82,5.746
10/07/98,0.6,8.858M,4.5221,26.5519,1164.33,14.88,5.625
03/07/98,0.6,8.699M,4.4557,26.1355,1146.42,15.35,5.599
26/06/98,0.6,8.608M,4.5446,26.3231,1133.2,15.07,5.632
19/06/98,0.61,8.363M,4.4106,25.5331,1100.65,14.35,5.669
12/06/98,0.61,8.364M,4.371,25.3345,1098.84,12.59,5.662
05/06/98,0.6,8.49M,4.4231,25.6163,1113.86,14.21,5.787
29/05/98,0.6,8.308M,4.3105,24.9802,1090.82,13.12,5.802
22/05/98,0.58,8.455M,4.4415,25.5396,1110.47,13.3,5.9
15/05/98,0.61,8.439M,4.4086,25.358,1108.73,13.67,5.972
08/05/98,0.62,8.365M,4.4032,25.3294,1108.14,13.91,5.977
01/05/98,0.62,8.48M,4.4452,25.5614,1121,13.15,5.933
24/04/98,0.63,8.38M,4.4204,25.3023,1107.9,10.88,5.945
17/04/98,0.6,8.497M,4.4786,25.6343,1122.72,10.21,5.876
10/04/98,0.64,8.389M,4.4193,25.3005,1110.67,11.4,5.881
03/04/98,0.63,8.501M,4.4657,25.5761,1122.7,10.96,5.794
27/03/98,0.61,8.191M,4.3912,25.2285,1095.44,10.85,5.958
20/03/98,0.61,8.197M,4.3977,25.3047,1099.16,10.47,5.885
13/03/98,0.6,7.913M,4.2643,24.4904,1068.61,11.83,5.893
06/03/98,0.59,7.81M,4.205,24.1301,1055.69,12.22,6.019
27/02/98,0.57,7.745M,4.1814,23.9775,1049.34,12.3,5.923
20/02/98,0.58,7.636M,4.1296,23.6425,1034.21,16.27,5.871
13/02/98,0.58,7.533M,4.0727,23.3176,1020.09,16.84,5.849
06/02/98,0.58,7.475M,4.0407,23.1355,1012.46,17.98,5.92
30/01/98,0.58,7.233M,3.9173,22.4314,980.28,18.47,5.8
23/01/98,0.58,7.037M,3.8548,22.0695,957.59,18.61,5.97
16/01/98,0.59,7.063M,3.8593,22.0756,961.51,17.93,5.809
09/01/98,0.58,6.821M,3.7181,21.2684,927.69,17.65,5.728
02/01/98,0.57,7.171M,3.9102,22.3612,975.04,16.13,5.838
26/12/97,0.58,6.867M,3.7992,22.34,936.46,16.09,5.9
19/12/97,0.56,6.954M,3.8407,22.5871,946.78,16.72,5.922
12/12/97,0.55,7.012M,3.8628,22.7032,953.39,17.99,5.925
05/12/97,0.55,7.24M,3.9871,23.4294,983.79,32.16,6.084
28/11/97,0.55,7.028M,3.8761,22.7584,955.4,32.71,6.054
21/11/97,0.55,7.081M,3.9212,23.0388,963.09,32.65,6.033
14/11/97,0.56,6.823M,3.7694,22.1343,928.35,31.83,6.113
07/11/97,0.54,6.809M,3.7629,22.1002,927.51,31.15,6.155
31/10/97,0.56,6.709M,3.7113,21.8119,914.62,30.19,6.153
24/10/97,0.52,6.907M,3.8823,22.7611,941.64,15.86,6.273
17/10/97,0.59,6.919M,3.8902,22.7987,944.16,14.62,6.439
10/10/97,0.6,7.077M,3.9528,23.1813,966.98,16.16,6.43
03/10/97,0.6,7.061M,3.9336,23.0782,965.03,16.27,6.294
26/09/97,0.61,6.912M,3.9246,23.2145,945.22,17.84,6.367
19/09/97,0.58,6.942M,3.9359,23.2303,950.51,19.62,6.378
12/09/97,0.53,6.745M,3.8158,22.5081,923.91,18.87,6.587
05/09/97,0.54,6.784M,3.8356,22.6429,929.05,18.3,6.642
29/08/97,0.54,6.578M,3.7141,21.9339,899.47,17.2,6.611
22/08/97,0.63,6.723M,3.8417,22.6557,923.55,18.08,6.649
15/08/97,0.6,6.588M,3.7452,22.0794,900.81,16.56,6.546
08/08/97,0.61,6.783M,3.8805,22.8759,933.54,15.22,6.635
01/08/97,0.61,6.913M,3.9365,23.2184,947.14,16.67,6.454
25/07/97,0.61,6.836M,3.9472,23.419,938.79,16.47,6.454
18/07/97,0.61,6.663M,3.8462,22.82,915.3,15.98,6.53
11/07/97,0.6,6.66M,3.8167,22.4981,916.68,15.23,6.529
04/07/97,0.59,6.659M,3.8121,22.4745,916.92,14.82,6.627
27/06/97,0.6,6.385M,3.849,22.8561,887.3,14.26,6.742
20/06/97,0.61,6.483M,3.876,23.0166,898.7,12.2,6.661
13/06/97,0.62,6.45M,3.8242,22.6968,893.27,14.11,6.724
06/06/97,0.62,6.193M,3.6501,21.605,858.01,16.13,6.774
30/05/97,0.61,6.145M,3.5893,21.2051,848.28,16.73,6.906
23/05/97,0.62,6.177M,3.6187,21.4797,847.03,17.02,6.987
16/05/97,0.62,6.05M,3.5428,21.0296,829.75,19.39,6.9
09/05/97,0.62,5.987M,3.4883,20.6268,824.78,18.8,6.891
02/05/97,0.62,5.909M,3.4387,20.3507,812.97,19.97,6.875
25/04/97,0.6,5.54M,3.3065,19.8102,765.37,17.16,7.142
18/04/97,0.61,5.545M,3.3095,19.8086,766.34,17.29,7.053
11/04/97,0.62,5.325M,3.143,18.8107,737.65,16.73,7.166
04/04/97,0.62,5.491M,3.2127,19.0514,757.9,15.45,7.124
28/03/97,0.61,5.584M,3.2942,20.1028,773.88,14.05,7.088
21/03/97,0.61,5.584M,3.3344,20.3478,784.1,14.04,6.968
14/03/97,0.63,5.62M,3.3707,20.5512,793.17,14.83,6.941
07/03/97,0.63,5.691M,3.4146,20.8151,804.97,14.03,6.814
28/02/97,0.63,5.565M,3.3514,20.3625,790.82,14.04,6.803
21/02/97,0.64,5.639M,3.4055,20.6703,801.77,13.23,6.643
14/02/97,0.63,5.684M,3.4345,20.8462,808.48,12.65,6.525
07/02/97,0.64,5.552M,3.3519,20.348,789.56,13.52,6.704
31/01/97,0.64,5.526M,3.3421,20.3249,786.16,12.47,6.789
24/01/97,0.69,5.391M,3.3035,19.8816,770.52,13.21,6.89
17/01/97,0.68,5.43M,3.3281,20.0289,776.17,14.29,6.822
10/01/97,0.69,5.234M,3.2415,19.4898,759.5,14.2,6.845
03/01/97,0.7,5.153M,3.1926,19.2013,748.03,14.15,6.732
27/12/96,0.7,5.217M,3.3918,20.9124,756.79,12.27,6.562
20/12/96,0.69,5.167M,3.3558,20.6635,748.87,12.22,6.606
13/12/96,0.69,5.039M,3.2672,20.1105,728.64,11.22,6.572
06/12/96,0.69,5.114M,3.2968,20.2375,739.6,9.05,6.511
29/11/96,0.69,5.22M,3.3772,20.7139,757.02,8.3,6.35
22/11/96,0.7,5.161M,3.355,20.4946,748.73,7.85,6.436
15/11/96,0.67,5.083M,3.3052,20.1869,737.62,8.32,6.457
08/11/96,0.68,5.039M,3.2738,19.9974,730.82,8.89,6.506
01/11/96,0.68,4.846M,3.1463,19.2009,703.77,7.41,6.679
25/10/96,0.68,4.782M,3.151,19.1408,700.92,7.02,6.815
18/10/96,0.68,4.855M,3.1912,19.3786,710.82,7.41,6.801
11/10/96,0.67,4.784M,3.1383,19.0561,700.66,8.91,6.845
04/10/96,0.68,4.795M,3.1425,19.0805,701.46,9.85,6.741
27/09/96,0.69,4.70M,3.1326,19.2233,686.19,9.58,6.908
20/09/96,0.7,4.708M,3.1373,19.2426,687.03,10.11,7.043
13/09/96,0.69,4.664M,3.1022,19.0295,680.54,10.05,6.948
06/09/96,0.68,4.493M,2.9853,18.2832,655.68,11.58,7.11
30/08/96,0.69,4.468M,2.9693,18.1843,651.99,11.71,7.118
23/08/96,0.7,4.554M,3.042,18.6011,667.03,12.11,6.955
16/08/96,0.72,4.544M,3.0341,18.5492,665.21,15.25,6.768
09/08/96,0.73,4.521M,3.0193,18.4552,662.1,16.74,6.69
02/08/96,0.72,4.527M,3.0173,18.4484,662.49,16.92,6.743
26/07/96,0.72,4.346M,2.9365,17.9481,635.9,14.67,7.008
19/07/96,0.71,4.371M,2.9498,18.0274,638.73,13.74,6.974
12/07/96,0.69,4.408M,2.9561,18.0123,646.19,10.82,7.03
05/07/96,0.71,4.478M,3.0061,18.3209,657.44,10.27,7.192
28/06/96,0.7,4.574M,3.1059,19.0211,670.63,8.09,6.871
21/06/96,0.7,4.548M,3.1242,19.2423,666.84,9.01,7.096
14/06/96,0.69,4.536M,3.1181,19.2123,665.85,9.62,7.089
07/06/96,0.67,4.591M,3.1447,19.3355,673.31,10.96,7.031
31/05/96,0.66,4.562M,3.1143,19.1652,669.12,10.35,6.989
24/05/96,0.67,4.633M,3.1858,19.7072,678.51,9.54,6.834
17/05/96,0.68,4.565M,3.1337,19.3772,668.91,10.84,6.833
10/05/96,0.68,4.442M,3.0503,18.7781,652.09,11.86,6.928
03/05/96,0.68,4.383M,2.988,18.4171,641.63,11.29,7.117
26/04/96,0.68,4.471M,3.0531,18.8373,653.46,11.31,6.789
19/04/96,0.69,4.404M,3.0126,18.5833,645.07,11.6,6.786
12/04/96,0.7,4.337M,2.974,18.3428,636.71,15.22,6.802
05/04/96,0.71,4.472M,3.0595,18.8747,655.86,14.26,6.824
29/03/96,0.7,4.39M,3.0651,18.6629,645.5,15.41,6.667
22/03/96,0.69,4.393M,3.0865,18.8097,650.62,15.69,6.655
15/03/96,0.68,4.312M,3.0434,18.543,641.43,15.51,6.739
08/03/96,0.69,4.204M,3.0037,18.3037,633.5,15.72,6.711
01/03/96,0.66,4.264M,3.0532,18.6054,644.37,12.27,6.367
23/02/96,0.64,4.353M,3.131,19.1328,659.08,11.42,6.405
16/02/96,0.64,4.261M,3.0761,18.7782,647.98,12.48,6.243
09/02/96,0.63,4.337M,3.1157,19.0127,656.37,11.93,6.098
02/02/96,0.64,4.198M,3.0201,18.3884,635.84,11.36,6.163
26/01/96,0.66,4.091M,2.9754,18.1165,621.62,12.52,6.044
19/01/96,0.66,4.027M,2.9284,17.8319,611.83,12.06,5.973
12/01/96,0.66,3.96M,2.8645,17.4166,601.81,11.9,6.147
05/01/96,0.67,4.055M,2.9363,17.85,616.71,9.59,6.044
29/12/95,0.66,4.053M,2.9384,17.7283,615.93,9.56,5.948
22/12/95,0.67,4.016M,2.9566,17.8381,611.96,10.01,6.063
15/12/95,0.67,4.069M,2.9689,17.9032,616.34,8.04,6.097
08/12/95,0.67,4.073M,2.965,17.8888,617.48,7.97,6.053
01/12/95,0.67,4.014M,2.9028,17.5641,606.98,8.38,6.086
24/11/95,0.68,3.966M,2.9108,17.5187,599.97,8.49,6.249
17/11/95,0.67,3.964M,2.9106,17.5172,600.07,8.25,6.232
10/11/95,0.67,3.906M,2.8703,17.2743,592.72,7.97,6.337
03/11/95,0.64,3.903M,2.8451,17.1124,590.57,7.87,6.283
27/10/95,0.63,3.841M,2.8064,16.8825,579.7,7.39,6.355
20/10/95,0.62,3.896M,2.8392,17.0717,587.46,6.68,6.361
13/10/95,0.62,3.868M,2.8213,16.9641,584.5,6.54,6.304
06/10/95,0.62,3.843M,2.8104,16.8912,582.49,5.84,6.42
29/09/95,0.62,3.853M,2.8437,17.2315,584.41,5.9,6.501
22/09/95,0.62,3.828M,2.8452,17.2004,581.73,5.89,6.584
15/09/95,0.62,3.838M,2.8431,17.1983,583.35,5.73,6.479
08/09/95,0.62,3.765M,2.7904,16.8784,572.68,5.45,6.587
01/09/95,0.63,3.71M,2.749,16.6219,563.84,5.6,6.616
25/08/95,0.62,3.683M,2.7435,16.6231,560.1,7.52,6.704
18/08/95,0.62,3.677M,2.7356,16.5649,559.21,8.21,6.897
11/08/95,0.63,3.642M,2.7142,16.4321,555.11,8.73,6.99
04/08/95,0.62,3.659M,2.7303,16.5285,558.94,9.24,6.908
28/07/95,0.63,3.67M,2.7776,16.8207,562.93,10.21,6.9
21/07/95,0.65,3.606M,2.7323,16.5434,553.62,10.13,6.962
14/07/95,0.62,3.648M,2.7646,16.7376,559.89,9.32,6.604
07/07/95,0.61,3.636M,2.7476,16.6351,556.37,10.66,6.524
30/06/95,0.6,3.563M,2.6904,16.4428,544.75,10.6,6.617
23/06/95,0.6,3.601M,2.7664,17.3953,549.71,11.03,6.5
16/06/95,0.6,3.538M,2.707,16.9439,539.83,10.19,6.615
09/06/95,0.59,3.455M,2.6448,16.529,527.94,10.16,6.726
02/06/95,0.58,3.486M,2.6674,16.6711,532.51,9.74,6.529
26/05/95,0.56,3.418M,2.6299,16.4367,523.65,8.34,6.748
19/05/95,0.55,3.397M,2.6072,16.2804,519.19,7.42,6.917
12/05/95,0.56,3.426M,2.6372,16.4681,525.55,5.76,6.989
05/05/95,0.56,3.39M,2.6115,16.3082,520.12,5.82,7.018
28/04/95,0.57,3.356M,2.5982,16.1629,514.71,5.72,7.336
21/04/95,0.58,3.326M,2.5823,16.0358,508.49,5.75,7.333
14/04/95,0.58,3.332M,2.5735,15.9757,509.23,6.65,7.335
07/04/95,0.57,3.308M,2.558,15.8788,506.42,6.92,7.39
31/03/95,0.57,3.273M,2.5359,15.7779,500.71,7.52,7.431
24/03/95,0.59,3.263M,2.6505,16.6535,500.97,7.69,7.363
17/03/95,0.58,3.235M,2.6204,16.4643,495.52,7.34,7.367
10/03/95,0.59,3.195M,2.5873,16.2567,489.57,7.98,7.462
03/03/95,0.59,3.167M,2.5631,16.1107,485.42,6.71,7.541
24/02/95,0.59,3.183M,2.5808,16.2147,488.11,6.4,7.528
17/02/95,0.59,3.139M,2.5454,15.987,481.97,6.75,7.586
10/02/95,0.59,3.13M,2.5403,15.9573,481.46,6.31,7.668
03/02/95,0.59,3.112M,2.5261,15.868,478.64,6.62,7.626
27/01/95,0.61,3.055M,2.4929,15.6842,470.39,5.91,7.73
20/01/95,0.62,3.022M,2.4632,15.5425,464.78,6.61,7.891
13/01/95,0.62,3.008M,2.4686,15.577,465.97,7.77,7.792
06/01/95,0.64,2.976M,2.4426,15.412,460.68,8.4,7.86
30/12/94,0.65,2.966M,2.4564,17.3733,459.27,10.37,7.881
23/12/94,0.63,2.967M,2.466,17.5178,459.83,10.49,7.827
16/12/94,0.64,2.958M,2.4618,17.4874,458.8,10.58,7.854
09/12/94,0.64,2.881M,2.3975,17.0298,446.96,10.27,7.858
02/12/94,0.64,2.919M,2.4249,17.1953,453.3,11.62,7.905
25/11/94,0.63,2.913M,2.4239,17.2012,452.29,11,7.931
18/11/94,0.63,2.973M,2.473,17.5569,461.47,10.52,8.131
11/11/94,0.63,2.976M,2.4749,17.5719,462.35,11.6,8.149
04/11/94,0.64,2.975M,2.4739,17.5642,462.28,11.69,8.159
28/10/94,0.64,3.038M,2.5448,18.1542,473.77,11.85,7.958
21/10/94,0.64,2.979M,2.4978,17.8012,464.89,11.12,7.978
14/10/94,0.64,2.99M,2.5194,17.9371,469.1,11.31,7.828
07/10/94,0.64,2.905M,2.4454,17.4246,455.1,9.93,7.909
30/09/94,0.6,2.954M,2.4874,17.6905,462.69,10.1,7.817
23/09/94,0.63,2.934M,2.5265,19.0087,459.67,10.12,7.793
16/09/94,0.65,3.005M,2.5873,19.4663,471.19,8.99,7.772
09/09/94,0.66,2.985M,2.5711,19.3447,468.18,8.2,7.703
02/09/94,0.66,3.003M,2.5843,19.4131,470.99,7.79,7.49
26/08/94,0.66,3.02M,2.6024,19.5093,473.8,7.65,7.482
19/08/94,0.66,2.955M,2.547,19.094,463.68,6.73,7.485
12/08/94,0.67,2.942M,2.5341,18.9975,461.94,6.41,7.482
05/08/94,0.68,2.909M,2.5074,18.7985,457.09,7.23,7.546
29/07/94,0.69,2.916M,2.5177,19.0154,458.26,9.34,7.396
22/07/94,0.69,2.862M,2.5109,19.0355,453.11,9.44,7.564
15/07/94,0.69,2.87M,2.5177,19.0872,454.16,9.32,7.545
08/07/94,0.68,2.844M,2.4941,18.9072,449.55,8.87,7.693
01/07/94,0.69,2.836M,2.4531,18.1993,446.2,8.89,7.614
24/06/94,0.71,2.79M,2.4873,20.4952,442.8,9.28,7.516
17/06/94,0.69,2.887M,2.5675,21.1612,458.45,8.76,7.447
10/06/94,0.66,2.888M,2.5499,21.0602,458.67,8.61,7.314
03/06/94,0.65,2.897M,2.5511,21.046,460.13,9.42,7.273
27/05/94,0.64,2.883M,2.5672,21.3034,457.33,10.64,7.39
20/05/94,0.64,2.866M,2.5541,21.1928,454.92,10.83,7.303
13/05/94,0.62,2.793M,2.4688,20.389,444.14,12.96,7.492
06/05/94,0.62,2.819M,2.4886,20.5528,447.82,13.59,7.541
29/04/94,0.65,2.84M,2.5097,20.7517,450.91,13.58,7.307
22/04/94,0.62,2.796M,2.5123,20.8086,447.63,13.11,7.233
15/04/94,0.64,2.786M,2.4929,20.6407,446.18,12.38,7.289
08/04/94,0.66,2.788M,2.487,20.5553,447.1,12.36,7.264
01/04/94,0.65,2.775M,2.4834,20.4377,445.77,10.16,7.254
25/03/94,0.66,2.848M,2.6089,21.9183,460.58,8.26,7.016
18/03/94,0.64,2.913M,2.6681,22.4124,471.06,7.94,6.919
11/03/94,0.64,2.888M,2.6394,22.1448,466.44,10.67,6.904
04/03/94,0.65,2.879M,2.6306,22.0681,464.74,10.84,6.839
25/02/94,0.68,2.882M,2.6278,22.0547,466.07,10.63,6.713
18/02/94,0.7,2.889M,2.638,22.1327,467.69,9.61,6.625
11/02/94,0.69,2.904M,2.6508,22.2316,470.18,10.08,6.407
04/02/94,0.68,2.901M,2.6474,22.204,469.81,9.81,6.362
28/01/94,0.71,2.95M,2.7193,22.9829,478.7,6.59,6.217
21/01/94,0.72,2.921M,2.6858,22.5046,474.72,6.4,6.281
14/01/94,0.74,2.924M,2.6861,22.4894,474.91,6.53,6.296
07/01/94,0.74,2.89M,2.6576,22.2543,469.9,5.46,6.227
31/12/93,0.77,2.867M,2.6337,22.0648,466.45,5.81,6.348
24/12/93,0.75,2.865M,2.6424,23.6118,467.38,6,6.213
17/12/93,0.75,2.86M,2.6372,23.5625,466.38,6.28,6.279
10/12/93,0.75,2.844M,2.6219,23.4208,463.93,7.66,6.192
03/12/93,0.75,2.847M,2.6253,23.4568,464.89,7.77,6.245
26/11/93,0.75,2.845M,2.6196,23.6012,463.06,7.87,6.26
19/11/93,0.75,2.848M,2.6069,23.4841,462.6,8.37,6.338
12/11/93,0.72,2.859M,2.6188,23.5917,465.39,8,6.145
05/11/93,0.7,2.818M,2.5812,23.2415,459.57,7.69,6.211
29/10/93,0.65,2.867M,2.6252,23.6791,467.83,6.6,5.97
22/10/93,0.63,2.831M,2.6131,23.5785,463.27,7.3,5.976
15/10/93,0.63,2.864M,2.6475,23.8717,469.5,7.8,5.786
08/10/93,0.65,2.81M,2.5941,23.3558,460.31,7.06,5.923
01/10/93,0.66,2.817M,2.5934,23.2953,461.29,7.6,5.99
24/09/93,0.64,2.787M,2.6236,24.65,457.63,7.22,6.048
17/09/93,0.67,2.798M,2.6319,24.7368,458.83,6.48,6.038
10/09/93,0.75,2.811M,2.6349,24.7308,461.72,6.16,5.881
03/09/93,0.73,2.811M,2.6354,24.7154,461.34,5.69,5.944
27/08/93,0.72,2.808M,2.6313,24.7552,460.54,6.08,6.134
20/08/93,0.74,2.785M,2.609,24.5313,456.16,6.13,6.217
13/08/93,0.77,2.746M,2.5678,24.1374,450.14,7.61,6.348
06/08/93,0.78,2.74M,2.5601,24.0587,448.68,8.25,6.526
30/07/93,0.81,2.739M,2.5603,23.916,448.13,8.81,6.564
23/07/93,0.76,2.731M,2.5564,23.9982,447.1,9.07,6.699
16/07/93,0.74,2.722M,2.5498,23.93,445.75,9.14,6.539
09/07/93,0.73,2.742M,2.5597,24.0007,448.13,9.33,6.637
02/07/93,0.72,2.727M,2.5485,24.3401,445.84,8.59,6.663
25/06/93,0.72,2.74M,2.5845,23.6601,447.6,9.89,6.7
18/06/93,0.74,2.716M,2.5575,23.3734,443.68,10.12,6.806
11/06/93,0.75,2.738M,2.5747,23.5165,447.26,9.66,6.803
04/06/93,0.77,2.755M,2.5834,23.5155,450.06,9.97,6.908
28/05/93,0.81,2.758M,2.5854,23.5375,450.19,10.35,6.978
21/05/93,0.8,2.735M,2.5722,23.4626,445.84,9.7,7.031
14/05/93,0.77,2.696M,2.5367,23.1358,439.56,8.77,6.945
07/05/93,0.76,2.712M,2.5517,23.2664,442.31,10.15,6.844
30/04/93,0.75,2.697M,2.5303,23.0531,440.19,10.3,6.933
23/04/93,0.71,2.674M,2.5139,22.8075,437.03,10.04,6.79
16/04/93,0.62,2.741M,2.582,23.4195,448.94,11.53,6.755
09/04/93,0.64,2.704M,2.5407,23.051,441.84,11.53,6.847
02/04/93,0.59,2.705M,2.5433,23.0869,441.39,12.22,7.054
26/03/93,0.56,2.746M,2.5861,24.8012,447.78,12.89,6.938
19/03/93,0.55,2.761M,2.6019,24.9464,450.18,12.9,6.802
12/03/93,0.57,2.757M,2.5968,24.8853,449.83,13.09,6.858
05/03/93,0.56,2.739M,2.5773,24.7143,446.11,11.63,6.737
26/02/93,0.61,2.724M,2.5524,24.5244,443.38,11.01,6.897
19/02/93,0.68,2.666M,2.5032,24.065,434.22,10.5,7.006
12/02/93,0.74,2.733M,2.5645,24.6342,444.58,7.73,7.124
05/02/93,0.72,2.76M,2.5905,24.8762,448.93,7.51,7.161
29/01/93,0.71,2.697M,2.5327,24.4853,438.78,7.47,7.197
22/01/93,0.75,2.678M,2.5184,24.3793,436.11,7.47,7.29
15/01/93,0.77,2.679M,2.5169,24.375,437.15,7.74,7.346
08/01/93,0.82,2.632M,2.473,23.9445,429.05,7.34,7.465
01/01/93,0.85,2.676M,2.5094,24.4126,435.71,7.24,7.396
25/12/92,0.82,2.685M,2.4186,26.0763,439.77,7.35,7.361
18/12/92,0.83,2.694M,2.4208,26.0494,441.28,7.44,7.425
11/12/92,0.82,2.647M,2.3786,25.5969,433.73,7.36,7.438
04/12/92,0.86,2.632M,2.3691,25.4676,432.06,7.56,7.487
27/11/92,0.85,2.623M,2.3639,25.4592,430.16,7.73,7.591
20/11/92,0.84,2.602M,2.3447,25.2575,426.65,7.58,7.534
13/11/92,0.86,2.576M,2.3178,24.9573,422.43,9.23,7.565
06/11/92,0.91,2.549M,2.2919,24.6634,417.58,10.32,7.756
30/10/92,0.89,2.558M,2.2974,24.8577,418.68,10.67,7.626
23/10/92,0.89,2.524M,2.2709,24.5622,414.1,10.93,7.645
16/10/92,0.88,2.505M,2.2554,24.4103,411.73,12,7.531
09/10/92,0.8,2.451M,2.2063,23.8691,402.66,11.37,7.524
02/10/92,0.71,2.496M,2.2487,24.387,410.47,10.65,7.334
25/09/92,0.73,2.525M,2.3015,25.595,414.35,10.11,7.359
18/09/92,0.67,2.58M,2.3526,26.1677,422.93,9.1,7.322
11/09/92,0.67,2.56M,2.3284,25.9013,419.58,7.17,7.293
04/09/92,0.75,2.544M,2.3111,25.8882,417.08,8.43,7.28
28/08/92,0.72,2.528M,2.2977,25.7507,414.84,8.48,7.423
21/08/92,0.71,2.528M,2.2978,25.7334,414.85,8.22,7.35
14/08/92,0.69,2.56M,2.3267,26.0329,419.91,8.73,7.324
07/08/92,0.69,2.562M,2.3217,25.9622,418.88,10.08,7.396
31/07/92,0.7,2.595M,2.3525,26.381,424.21,9.64,7.458
24/07/92,0.76,2.509M,2.2823,25.5784,411.6,9.82,7.572
17/07/92,0.78,2.525M,2.3022,25.8223,415.62,10.09,7.678
10/07/92,0.81,2.518M,2.2968,25.7627,414.62,10.33,7.633
03/07/92,0.82,2.495M,2.2817,25.6027,411.77,10.03,7.629
26/06/92,0.82,2.447M,2.3157,26.6707,403.45,9.22,7.782
19/06/92,0.8,2.451M,2.3162,26.7092,403.67,9.95,7.83
12/06/92,0.84,2.488M,2.3444,26.8832,409.76,9.19,7.858
05/06/92,0.84,2.544M,2.3499,26.7373,413.48,9.2,7.847
29/05/92,0.87,2.559M,2.3549,26.6427,415.35,9.9,7.837
22/05/92,0.84,2.518M,2.3507,26.6841,414.02,10.58,7.822
15/05/92,0.85,2.493M,2.3199,26.2519,410.09,13.22,7.819
08/05/92,0.85,2.524M,2.349,26.3948,416.05,12.87,7.895
01/05/92,0.86,2.531M,2.3294,26.1885,412.53,13.09,8.013
24/04/92,0.91,2.506M,2.3237,26.3213,409.02,12.87,8.042
17/04/92,0.88,2.547M,2.366,26.778,416.05,12.15,7.938
10/04/92,0.87,2.47M,2.2989,26.0294,404.29,11.42,7.886
03/04/92,0.86,2.451M,2.2806,25.7651,401.55,8.2,7.876
27/03/92,0.89,2.462M,2.2512,25.956,403.5,9.72,7.94
20/03/92,0.93,2.508M,2.2957,26.4777,411.3,9.99,8.046
13/03/92,0.89,2.475M,2.2641,26.1177,405.84,10.34,8.066
06/03/92,0.89,2.467M,2.2523,25.9395,404.44,10.64,7.932
28/02/92,0.92,2.515M,2.2974,26.4262,412.7,11.55,7.789
21/02/92,0.95,2.507M,2.2974,26.4749,411.46,11.86,7.945
14/02/92,0.94,2.513M,2.3019,26.532,412.48,10.43,7.906
07/02/92,0.93,2.516M,2.2919,26.4072,411.09,11.77,7.76
31/01/92,0.95,2.503M,2.2817,26.2625,408.79,14.26,7.758
24/01/92,0.94,2.525M,2.3221,26.7184,415.48,13.62,7.708
17/01/92,0.91,2.547M,2.3386,26.8914,418.86,12.38,7.614
10/01/92,0.91,2.526M,2.3195,26.6666,415.1,12.84,7.462
03/01/92,0.94,2.552M,2.3419,26.9632,419.34,13.21,7.48
27/12/91,0.92,2.475M,2.2762,22.7492,406.46,17.77,7.513
20/12/91,0.95,2.357M,2.1661,21.6056,387.04,15.64,7.589
13/12/91,0.95,2.339M,2.149,21.3856,384.47,15.52,7.774
06/12/91,0.98,2.31M,2.1205,21.1049,379.09,15.74,7.806
29/11/91,0.99,2.285M,2.0971,20.8515,375.22,14.91,7.942
22/11/91,0.98,2.276M,2.0954,20.8683,376.14,15.31,7.981
15/11/91,0.99,2.317M,2.1307,21.2023,382.62,15.32,7.821
08/11/91,0.95,2.367M,2.185,21.7494,392.89,10.79,7.872
01/11/91,0.94,2.361M,2.1784,21.6675,391.32,10.46,7.93
25/10/91,0.98,2.317M,2.1453,21.1465,384.2,9.59,8.046
18/10/91,0.91,2.365M,2.1915,21.6028,392.5,10.22,7.955
11/10/91,0.93,2.287M,2.1293,20.9988,381.45,8.91,7.867
04/10/91,0.93,2.283M,2.1281,20.9684,381.24,8.16,7.783
27/09/91,0.91,2.306M,2.157,19.6584,385.9,13.88,7.821
20/09/91,0.9,2.318M,2.168,19.7646,387.92,14.09,7.892
13/09/91,0.91,2.291M,2.1409,19.518,383.59,14.81,7.94
06/09/91,0.91,2.325M,2.1741,19.7896,389.1,14.42,8.015
30/08/91,0.9,2.364M,2.2113,20.1135,395.43,14.42,8.06
23/08/91,0.93,2.356M,2.1963,19.8638,394.17,14.6,8.125
16/08/91,0.89,2.302M,2.1468,19.4188,385.58,9.27,8.088
09/08/91,0.87,2.314M,2.1558,19.5061,387.12,11.06,8.22
02/08/91,0.87,2.311M,2.1574,19.529,387.18,12,8.244
26/07/91,0.87,2.271M,2.1332,19.393,380.93,12.24,8.388
19/07/91,0.93,2.291M,2.1517,19.5468,384.22,12.97,8.474
12/07/91,0.92,2.267M,2.1282,19.3229,380.25,13.05,8.442
05/07/91,0.88,2.229M,2.0935,18.9871,374.08,13.63,8.495
28/06/91,0.91,2.21M,2.0884,17.2898,371.16,12.3,8.406
21/06/91,0.93,2.249M,2.1294,17.5798,377.75,11.88,8.51
14/06/91,0.99,2.276M,2.155,17.7889,382.29,13.49,8.47
07/06/91,0.99,2.257M,2.1363,17.6241,379.43,13.68,8.476
31/05/91,0.98,2.318M,2.1946,18.1072,389.83,13.53,8.265
24/05/91,1.03,2.243M,2.1316,17.6465,377.49,14.1,8.306
17/05/91,1.02,2.211M,2.1026,17.3866,372.39,14.91,8.279
10/05/91,1,2.231M,2.12,17.5242,375.74,15.94,8.306
03/05/91,1,2.262M,2.1497,17.7469,380.8,15.36,8.227
26/04/91,1.04,2.253M,2.1449,17.717,379.02,15.1,8.211
19/04/91,1.12,2.284M,2.1771,17.9741,384.2,15.3,8.245
12/04/91,1.09,2.265M,2.1546,17.7878,380.4,15.06,8.153
05/04/91,1.12,2.226M,2.1257,17.5291,375.36,15,8.166
29/03/91,1.14,2.23M,2.1202,17.078,375.22,13.62,8.246
22/03/91,1.16,2.18M,2.0781,16.7684,367.48,15.66,8.308
15/03/91,1.14,2.216M,2.1134,17.0405,373.59,16.38,8.288
08/03/91,1.19,2.222M,2.1154,17.0586,374.95,16.09,8.31
01/03/91,1.24,2.199M,2.0905,16.8546,370.47,15.84,8.288
22/02/91,1.22,2.169M,2.068,16.6638,365.65,18.22,8.061
15/02/91,1.23,2.189M,2.0865,16.8035,369.06,18.2,7.977
08/02/91,1.26,2.136M,2.0306,16.3612,359.35,18.42,7.958
01/02/91,1.34,2.038M,1.9404,15.6226,343.05,17.36,8.091
25/01/91,1.39,1.988M,1.9056,15.3854,336.07,17.21,8.227
18/01/91,1.43,1.958M,1.8831,15.2153,332.23,16.98,8.167
11/01/91,1.46,1.857M,1.7845,14.4307,315.23,13.57,8.358
04/01/91,1.36,1.889M,1.8158,14.6892,321,11.9,8.207
28/12/90,1.43,1.924M,1.8721,14.9842,328.72,11.18,8.298
21/12/90,1.42,1.942M,1.8883,15.1019,331.75,12.67,8.281
14/12/90,1.34,1.913M,1.8605,14.8834,326.82,15.22,8.188
07/12/90,1.33,1.917M,1.8643,14.9201,327.75,15.54,8.184
30/11/90,1.33,1.889M,1.8347,14.728,322.22,16.74,8.486
23/11/90,1.27,1.845M,1.7962,14.4179,315.1,19.02,8.447
16/11/90,1.34,1.857M,1.8078,14.4846,317.12,22.05,8.45
09/11/90,1.37,1.836M,1.7865,14.337,313.74,21.36,8.622
02/11/90,1.29,1.825M,1.7747,14.2252,311.85,22.63,8.689
26/10/90,1.3,1.783M,1.7418,13.9626,304.71,23.18,8.775
19/10/90,1.22,1.824M,1.7828,14.2947,312.48,22.69,8.753
12/10/90,1.15,1.744M,1.7071,13.6664,300.03,20.09,8.958
05/10/90,1.11,1.81M,1.7729,14.1837,311.5,20.44,8.789
28/09/90,1.13,1.784M,1.7569,13.356,306.05,21.9,8.949
21/09/90,1.15,1.816M,1.7945,13.5861,311.32,21.02,9.123
14/09/90,1.03,1.845M,1.8239,13.8008,316.83,22.87,9.022
07/09/90,0.98,1.885M,1.8626,14.0712,323.4,23.42,8.913
31/08/90,1,1.88M,1.8526,13.9635,322.56,22.96,8.984
24/08/90,1.04,1.815M,1.7905,13.4727,311.51,19.35,9.155
17/08/90,0.99,1.907M,1.8824,14.1611,327.83,17.56,8.943
10/08/90,1,1.956M,1.9299,14.4927,335.52,16.41,8.777
03/08/90,0.95,2.01M,1.9843,14.9004,344.86,13.53,8.555
27/07/90,0.93,2.061M,2.05,15.3682,353.44,13.5,8.478
20/07/90,0.95,2.109M,2.0935,15.686,361.61,13.18,8.538
13/07/90,0.97,2.141M,2.1259,15.9007,367.31,13.54,8.449
06/07/90,0.97,2.079M,2.069,15.3938,358.42,13.62,8.505
29/06/90,0.98,2.076M,2.0995,15.2943,358.02,13.14,8.4
22/06/90,0.98,2.06M,2.0989,15.3629,355.43,12.64,8.48
15/06/90,0.98,2.103M,2.1427,15.6477,362.91,12.43,8.424
08/06/90,0.94,2.076M,2.1105,15.3815,358.71,11.71,8.443
01/06/90,0.92,2.102M,2.1324,15.5518,363.16,11.77,8.419
25/05/90,0.95,2.053M,2.1039,15.4737,354.58,12.35,8.668
18/05/90,0.97,2.053M,2.098,15.4203,354.64,11.65,8.702
11/05/90,0.95,2.039M,2.08,15.2176,352,12.55,8.641
04/05/90,0.92,1.944M,1.9994,14.6449,338.39,10.84,8.816
27/04/90,0.86,1.835M,1.9353,14.0432,329.11,10.96,9.021
20/04/90,0.84,1.848M,1.97,14.2884,335.12,10.72,8.943
13/04/90,0.8,1.822M,2.0228,14.6516,344.34,10.9,8.576
06/04/90,0.84,1.792M,1.9976,14.4811,340.08,11.07,8.521
30/03/90,0.83,1.785M,2.0691,14.3403,339.94,11.87,8.626
23/03/90,0.78,1.772M,2.071,14.2982,337.22,12.28,8.478
16/03/90,0.82,1.793M,2.0973,14.4903,341.91,12.02,8.54
09/03/90,0.89,1.771M,2.0697,14.2801,337.93,12.84,8.624
02/03/90,0.94,1.759M,2.0535,14.1599,335.54,14.81,8.548
23/02/90,0.92,1.70M,1.9595,13.5233,324.15,14.55,8.557
16/02/90,0.9,1.746M,2.0116,13.8846,332.72,16.08,8.46
09/02/90,0.91,1.753M,2.0175,13.9261,333.62,16.86,8.331
02/02/90,0.95,1.734M,2.0013,13.8364,330.92,16.93,8.51
26/01/90,0.95,,,13.94,325.8,16.41,8.522
19/01/90,0.95,,,14.24,339.15,14.67,8.27
12/01/90,0.95,,,14.66,339.93,14.44,8.171
05/01/90,0.97,,,15.12,352.2,11.92,8.056
09/11/22,,31.046M,,,,,
04/11/22,,31.234M,3.7974,18.2299,3770.55,27.96,4.2463
15/04/22,,36.627M,4.3764,22.0363,4392.59,21.51,2.9147
24/12/21,,39.506M,4.856,26.0962,4725.79,17.91,1.9052
02/04/21,,33.509M,4.3498,28.9147,4019.87,17.74,2.3564
01/01/21,,31.19M,3.971,30.4079,3756.07,9.45,1.6449
25/12/20,,30.749M,4.1218,29.1867,3703.06,11.12,1.6602
03/07/20,,25.509M,3.536,23.8211,3130.01,26.81,1.4272
10/04/20,,22.669M,3.1582,19.004,2789.82,87.98,1.3435
19/04/19,,23.794M,3.365,19.1128,2905.03,10.03,2.961
30/03/18,,22.126M,3.24,21.1454,2640.87,19.17,2.9737
10/11/17,,21.669M,3.1864,21.5196,2582.3,4.5,2.8797
14/04/17,,19.686M,2.9954,20.3459,2328.95,6.22,2.8923
11/11/16,,18.346M,2.7876,20.1303,2164.45,10.07,2.935
25/03/16,,17.427M,2.7635,18.7417,2035.94,14.52,2.673
10/11/22,,,3.9377,18.8967,3909.32,29.54,4.1168
